评论者主页,评论者昵称,评论者性别,评论者所在地,评论者微博数,评论者关注数,评论者粉丝数,评论内容,评论获赞数,评论发布时间
https://weibo.cn//weitianxia,微天下,男,北京,167354,1177,27250541,捷克向中国“求药”，舆论为何翻车了？,982,2021-03-04 10:10
https://weibo.cn//weitianxia,微天下,男,北京,167354,1177,27250557,中国新冠疫苗靠什么赢得了国际信任？ ,241,2021-03-04 11:01
https://weibo.cn//u/3317131355,cneyilin,女,其他,236,55,366,滚,45641,2021-03-04 06:36
https://weibo.cn//tjhz32,双子星HZX,男,天津,691,148,231,回复@林德伯格:国家同意给疫苗了,0,2021-03-06 13:50 
https://weibo.cn//u/1885396203,夏欢_Sharon,女,海外,962,280,374,回复@一级女巫哈:难得糊涂,0,2021-03-06 12:29 
https://weibo.cn//u/2788988447,地球不爆炸人心会爆炸,男,其他,0,375,123,贱不贱,0,2021-03-06 11:01 
https://weibo.cn//u/7065623935,萌剧外外传,女,其他,79,417,88,回复@我是盐酸呀:也许你不是，但你得允许别人是。,0,2021-03-06 09:49 
https://weibo.cn//u/3275179955,伸手如怀中,男,重庆,7,652,142,这特么是不要脸到什么程度了,0,2021-03-06 08:27 
https://weibo.cn//u/1048779004,旗鸣行508,男,河南,1336,501,160,回复：中国不养狼！,0,2021-03-06 07:34 
https://weibo.cn//u/2693367394,人间炸鸡,女,广东,2377,339,348,回复@丑恶永痘肌垃圾垃圾垃圾:原来不要脸可以到这种程度开眼界了,0,2021-03-06 03:51 
https://weibo.cn//u/5580701259,阿菜考研努力中,男,浙江,23,187,84,回复@本宝宝大帅比诶:嘉兴在打了，有什么是么,0,2021-03-06 01:02 
https://weibo.cn//u/6990919360,尔曹万古流,男,江苏,14,119,8,以德报怨，何以报德,0,2021-03-05 22:41
https://weibo.cn//wjc19921011,辰小耀,男,湖北,4036,682,946,滚,0,2021-03-05 22:11
https://weibo.cn//u/3153356565,洛克贵族,男,山东,37,93,6,回复@没脚的胖胖:呵呵,0,2021-03-05 19:59
https://weibo.cn//u/5747026083,阿泽正,男,广东,12,130,68,回复@我会健康发财的:同意同意,0,2021-03-05 17:58
https://weibo.cn//sbm98,硅基帝国大使,男,海外,3975,1271,126,回复@硅基帝国大使:不要给台湾人在大陆一点生存空间,0,2021-03-05 17:31
https://weibo.cn//sbm98,硅基帝国大使,男,海外,3975,1271,126,中国大陆对台湾人也不能给,0,2021-03-05 17:30
https://weibo.cn//u/3973398610,宁宁想念你们,女,广东,4786,38,78,没门～,0,2021-03-05 17:29
https://weibo.cn//u/6023958768,七牵de猫,男,广东,782,743,154,回复@地狱之伞兵:公知继续 看你表演,0,2021-03-05 15:27
https://weibo.cn//u/2901758385,天真_灵魂,男,其他,53,317,336,以德报怨，何以报德？,0,2021-03-05 13:44
https://weibo.cn//u/5586431262,戏如人生5586431262,男,青海,16,82,2,先把议长处绞刑。免费给！,0,2021-03-05 13:35
https://weibo.cn//u/7508873448,冰雨辉dn,男,山东,4,21,2,以德报怨，何以报德？,0,2021-03-05 12:14
https://weibo.cn//u/6860059211,我是盐酸呀,女,湖北,31,59,30,回复@萌剧外外传:哈哈，人生的意义只在于结婚吗？,0,2021-03-05 12:09
https://weibo.cn//u/1743209632,阳光海浪和鱼,男,上海,208,43,42,回复@懒猫猫猫猫撒娇:去过捷克就能感受到这个国家对于我们的那种敌意了 说不出来但是感受很明显,0,2021-03-05 12:04
https://weibo.cn//u/1743209632,阳光海浪和鱼,男,上海,208,43,42,回复@yuying3125:现在苏联垮了 各种上不了台面的三流国家就要刷存在啊 就是当欧盟强国的狗 主人让咬谁就咬谁,0,2021-03-05 12:02
https://weibo.cn//u/1743209632,阳光海浪和鱼,男,上海,208,43,42,回复@我爱眼泪袋子:北欧几个脑子都不太正常 不做比较的,0,2021-03-05 12:00
https://weibo.cn//u/5869482572,妖精的直发,女,江西,450,122,45,回复@地狱之伞兵:你可真能杠啊,0,2021-03-05 11:28
https://weibo.cn//u/6275209541,叮当猪和小齿兔,女,广东,1428,690,88,回复@Dimitri78893:那也得尝试一下，一句不救就使多少人失去希望。而且在我看来，人命面前，国家种族得往后排。,0,2021-03-05 11:12
https://weibo.cn//u/5376307374,浙江股侠宋玉,女,浙江,2538,661,81466,回复@微天下:棒棒棒👍🏻 👍🏻👍🏻👍🏻👍🏻 👍🏻,0,2021-03-05 10:42
https://weibo.cn//u/5332522657,单衣啊单衣,女,河南,125,3,236,不给,0,2021-03-05 10:13
https://weibo.cn//u/2608158071,一级女巫哈,女,辽宁,1201,1641,602,@夏欢_Sharon,0,2021-03-05 10:08
https://weibo.cn//u/5601953831,疯了的包子_,男,浙江,20,86,51,据说已经同意了？？我真是去年买了个表，谁同意的？能拉出去毙了吗？,0,2021-03-05 10:01
https://weibo.cn//u/2647762951,历史的见证与记录者,男,浙江,200,220,166,双簧演的不错，一个负责骂人，一个负责求助,0,2021-03-05 09:29
https://weibo.cn//bettertorrow,振益的围脖,男,北京,337,264,156,去报蔡蝇蚊的大腿，从未见过如此厚颜无耻之徒！,0,2021-03-05 09:28
https://weibo.cn//u/5557887005,阿丙_25107,男,四川,787,9,81,中国🇨🇳,0,2021-03-05 09:27
https://weibo.cn//u/2685500934,Manchester昊者,男,上海,1498,244,937,霸气拒绝！,0,2021-03-05 09:24
https://weibo.cn//u/1532892365,九紫枟灷,男,河南,1085,154,87,十倍价格卖吧，这样的国家没有优惠,0,2021-03-05 09:19
https://weibo.cn//u/5330245138,万保招金83020,男,其他,16,150,45,不卖。,0,2021-03-05 09:17
https://weibo.cn//u/2582910855,老久666888,男,浙江,235,77,180,反对给,0,2021-03-05 09:12
https://weibo.cn//u/3916710300,酒心儿小鱼干,女,其他,25,420,100,问台湾要吧,0,2021-03-05 09:11
https://weibo.cn//u/6433020813,房天下渭南特价房,女,北京,13177,83,270,【,0,2021-03-05 09:10
https://weibo.cn//u/2283633073,开心过客121,男,河南,54,76,100,回复@微天下:给还是要给的，只是数量和价钱必须控制,0,2021-03-05 09:08
https://weibo.cn//333051158,现代上将,男,上海,3894,933,566,请关注广大唐小僧匹凸匹案受害难民！！,0,2021-03-05 09:07
https://weibo.cn//u/2735054397,大内蒙小鲜肉,男,北京,717,160,299,回复@微天下:不卖贵点都对不起他那张嘴,0,2021-03-05 09:07
https://weibo.cn//u/6698901720,一只卡鸭啊,男,湖北,27,127,15,回复@本宝宝大帅比诶:对内严防，做到你想感染都没机会。,0,2021-03-05 09:01
https://weibo.cn//u/1827940682,老李来了哦,男,河南,38,11,19,非洲鬣狗疫苗，去那要吧,0,2021-03-05 08:59
https://weibo.cn//u/1775315962,烘培小白大E,男,广东,1745,813,228,给总统九族一人一支吧,0,2021-03-05 08:56
https://weibo.cn//u/1880951123,桀骜的自由,男,北京,8260,98,682,价高者得，该卖卖，有钱不赚有意思吗？,0,2021-03-05 08:55
https://weibo.cn//u/5149791629,你们别再打啦,男,其他,198,120,28,回复@夜幕上嵌着的是我:没乱说嘛,0,2021-03-05 08:35
https://weibo.cn//u/2035136191,前尘往事成云烟V,男,广西,0,3,43,咱不差钱，不赚捷克的钱了,0,2021-03-05 08:35
https://weibo.cn//u/2569407403,零加薪,男,广东,163,19,47,回复@微天下:唉～孙子要出国留学…自己退休了还要出国养老…咳咳，做人留一线，日后好相见…整一整西装，提高音呗:中国是负责任大国，要有大国风范，不会坐视不理，给jk援助50万剂🤓,0,2021-03-05 08:33
https://weibo.cn//u/7385550739,礼拜五2020,男,北京,363,43,18,我们产能不足,0,2021-03-05 08:32
https://weibo.cn//u/5028893835,鸭梨爱俊,女,山东,142,103,60,发小在布拉格留学，希望能先给滞留在捷克的中国人打打疫苗，那边可太严重了……,0,2021-03-05 08:27
https://weibo.cn//u/5926697996,獐狼恶霸呀,男,其他,187,250,163,回复@小逗丁儿86:不是对针对你，是当时捷克的做法太让人气愤,0,2021-03-05 08:22
https://weibo.cn//u/2946930674,猜不透Alex,男,福建,391,637,217,不要给啊 或者拒绝给布拉格,0,2021-03-05 08:19
https://weibo.cn//u/6007341235,艳阳天与浮躁,男,其他,11,18,9,回复@ggcoolli86962:首先提出政府给疫苗假设的是你，我是顺着你的假设为政府这种做法做出解释，你却在这头脑一热用激烈的言辞把我打成不在乎国家尊严和挑拨离间的人,0,2021-03-05 08:15
https://weibo.cn//u/2521917935,作为普通用户只能改一次名字,男,北京,266,131,322,回复@恰饭饭呢:别国政治都拿中国来当拉踩筹码是中国强大的证明,0,2021-03-05 08:14
https://weibo.cn//serendipity73,百诺恩股东大S,女,其他,1075,308,10254,可以来买,0,2021-03-05 08:13
https://weibo.cn//u/6007341235,艳阳天与浮躁,男,其他,11,18,9,回复@ggcoolli86962:我都那样解释了你竟然还是这样的语气回复我，我自问自己一向左派立场也会被你打成挑拨离间，真不懂你的阅读理解怎么会这么差，明明我说了我作为普通公民希望对捷克请求不理不睬，你却依旧说我想把疫苗给别人，特别是看到你说我要求政府这么干还加个感叹号真的让我觉得好笑,0,2021-03-05 08:12
https://weibo.cn//u/5617876038,光影相交,男,上海,164,90,121,回复@地狱之伞兵:历史是用来反思和参照的。人类社会是需要发展前进的。如子钻在里面不肯出来可悲可叹。空有爱国情 实拖发展腿是为假，行损国利益而不自知是为奸，闻发展是第一生产力而不自查是为蠢。汝此之人，也敢嘤嘤狂吠 实乃王司徒转世也,0,2021-03-05 08:12
https://weibo.cn//u/6086437158,红魔sheva-777,男,山东,2,175,4,回复@恰饭饭呢:回答你的问题 给你科普一下 1全世界60亿左右人口 中国14亿左右人口 所以除去几个流氓政权国家 这194个国家大概也有40多亿人民 2因为全世界搞社会主义的国家就5个 中朝越古老 看看国际形势就很容易认清现实 是不是别的国家一起,0,2021-03-05 08:10
https://weibo.cn//u/7065623935,萌剧外外传,女,其他,79,417,88,回复@我是盐酸呀:怎么从源头解决呢？杀掉这三千万男士吗？除了战争还有好办法吗。,0,2021-03-05 08:07
https://weibo.cn//u/1736732931,木田日月雨,女,山东,703,141,255,反华者求疫苗的不给。,0,2021-03-05 08:03
https://weibo.cn//u/1852508554,文艺Cassell,女,上海,991,378,154,回复@阿福的梦:杰克脸可真够大的，反华的事儿不提了，觍着脸要东西可行,0,2021-03-05 08:03
https://weibo.cn//u/6311836006,地狱之伞兵,女,北京,10,40,12,回复@光影相交:是是是 历史忘记的可真快 健忘的国人 一个个在这把勿忘国耻挂在嘴边 真正的仇敌都给忘了 日本除了琉球可没侵占中国领土 毛子抢了多少还在这说我刻舟 那我是不是可以说你没良心忘了国仇家恨啊 一寸山河一寸血 这毛子抢走的土地是多少血啊,0,2021-03-05 08:02
https://weibo.cn//u/2008198525,gk_1983,男,湖北,4052,430,455,先买他几吨凤梨吃了再说，凤梨可以预防新冠,0,2021-03-05 07:59
https://weibo.cn//u/5872149381,老头羊2014,男,北京,24,7,162,可以给点 都是 得慢慢慢慢慢慢等。,0,2021-03-05 07:59
https://weibo.cn//u/5617876038,光影相交,男,上海,164,90,121,回复@地狱之伞兵:好好的刻你的舟,0,2021-03-05 07:58
https://weibo.cn//u/7444434819,ST李炜不会投资,男,江苏,11613,567,309,建议向中国台湾省求援,0,2021-03-05 07:57
https://weibo.cn//u/5614241185,四零四Zzz,男,湖北,1072,107,216,要什么疫苗嘛，一天18公斤凤梨不好嘛,0,2021-03-05 07:55
https://weibo.cn//u/5614241185,四零四Zzz,男,湖北,1072,107,216,回复@黑格尔的冥想:36斤,0,2021-03-05 07:54
https://weibo.cn//u/6582395460,SuessSchwein,女,其他,0,56,10,回复@云上一只喵:额，议员和总统一样是选出来的，现在议会和他们的总统总理是不同党派,0,2021-03-05 07:49
https://weibo.cn//u/6311836006,地狱之伞兵,女,北京,10,40,12,回复@妖精的直发:也不知道谁杠 看看热搜第九 江苏明确教师不得用手机布置作业 我也没看到用江苏省啊 国内哪次说省名字非要加个省了？非要抬杠给台湾搞特殊？又没说台湾国非要强调这没用的？咋了不说台湾省就会被当成台湾县台湾镇台湾国了呗 那要是怕没脑子的不强调台湾省当成台湾国 那咋不加个中国台湾省呢,0,2021-03-05 07:47
https://weibo.cn//u/6582395460,SuessSchwein,女,其他,0,56,10,回复@蚂蚁不怕辣:而且就连美国总统也管不了议长啊(众议院),0,2021-03-05 07:46
https://weibo.cn//u/1202324624,永远1202324624,男,河北,25,12,526,让他那些去台湾的高层人士去台湾要去吧，加油接客,0,2021-03-05 07:42
https://weibo.cn//u/6256364802,勇往直前581,男,上海,2554,1639,601,不给 坚决不给,0,2021-03-05 07:42
https://weibo.cn//u/3226361870,一天到晚就想着多财多亿的骑士猫,男,新疆,1676,209,184,给你个大青蛙,0,2021-03-05 07:40
https://weibo.cn//u/6165353134,恰饭饭呢,女,江西,288,67,133,回复@红魔sheva-777:好笑的语言，这194个国家，加起来人口有多少，还有一句，你咋知道194个国家钢板一块？无知,0,2021-03-05 07:35
https://weibo.cn//u/6165353134,恰饭饭呢,女,江西,288,67,133,回复@作为普通用户只能改一次名字:未来50年是中国的，他们该适应中国了，你见过有人去讨好比你弱的国家么？,0,2021-03-05 07:33
https://weibo.cn//u/5800745734,香草奶昔菌,男,广东,111,160,150,脸皮真厚,0,2021-03-05 07:27
https://weibo.cn//u/3905405661,森林里的迷宫,男,其他,41,137,96,感觉这些国家的领导人脑洞奇葩，这边一直打压攻击咱们，那边还有脸张口要东西。见过脸皮厚的没见过这么不要脸的,1,2021-03-05 07:24
https://weibo.cn//u/7385805881,无知小子091,男,广东,9,45,79,台湾凤梨可以抑制新冠的，买台湾凤梨就好了,0,2021-03-05 07:14
https://weibo.cn//u/7488360078,ggcoolli86962,男,其他,3,232,26,回复@艳阳天与浮躁:你是什么样的居心，为什么这么想把疫苗给别人，我说说大家就明白了！一个践踏过我国底线的国家，伤害过我们人民自尊的政府，现在转头来要我们帮他们，然后全网人民大多数不同意我们的政府去做这事，你却要求我们政府这么干！我们政府要是给了，不同意的人民会怎么看我们的政府，挑拨离间真有一套,0,2021-03-05 07:13
https://weibo.cn//u/1703899173,伊甸之东-123,男,江西,3183,3846,984,100亿一剂疫苗，,0,2021-03-05 07:12
https://weibo.cn//u/6230751414,小怪兽的冬天居士,男,上海,53,40,51,牛尿治新冠。。。找阿三买,0,2021-03-05 07:09
https://weibo.cn//u/2697426320,Hubble0410,男,广东,17982,602,604,不约,0,2021-03-05 07:08
https://weibo.cn//u/1409233345,代号Carlos,男,黑龙江,1215,244,1480,去湾湾找菜菜子啊。,0,2021-03-05 07:07
https://weibo.cn//573311392,HW遛狗大师,男,四川,23866,197,15022,回复@伊亚街里的伊亚里郎:太少，至少十万美元一支，而且需要提前预约付款，每周一十点抢购,0,2021-03-05 07:04
https://weibo.cn//u/6077726936,spruce_api,男,江苏,8,255,246,脸皮真厚,0,2021-03-05 07:01
https://weibo.cn//u/5141072296,股民_守株待牛,男,陕西,93,15,239,台蛙 can help,0,2021-03-05 06:54
https://weibo.cn//u/2451162962,He-2019,男,河南,638,495,188,湾湾可以供疫苗加凤梨,0,2021-03-05 06:49
https://weibo.cn//u/1577398594,feng9826,男,其他,1549,64,384,回复@微天下:按市场价格卖！,0,2021-03-05 06:49
https://weibo.cn//u/6571101554,狩魔猎人杰洛特of利维亚,男,其他,245,1099,135,台湾can help！,0,2021-03-05 06:48
https://weibo.cn//u/2694534942,echocyn,女,上海,2867,475,341,想起小品扶不扶了,0,2021-03-05 06:47
https://weibo.cn//u/6094479770,民工漫拱门,男,其他,57,162,41,回复@本宝宝大帅比诶:怎么，你们那疫情很重？再说国家可以申请打，而且免费，一年产能拉满也不够中国人用的，肯定哪着急哪先用,0,2021-03-05 06:46
https://weibo.cn//u/7328188545,传说中的K飞天小女警,女,其他,2634,222,67,回复@IRNM666:发完这次不发了,0,2021-03-05 06:31
https://weibo.cn//u/5645812273,我是一颗七彩雨花石,女,江苏,107,632,87,回复@cneyilin:简单明了,0,2021-03-05 06:10
https://weibo.cn//u/3490638632,旭日东升236,男,辽宁,12,7,257,"送他两个字“加油""",0,2021-03-05 06:04
https://weibo.cn//xiaoyaotianyiyou,准备着一飞冲天,男,湖北,10540,2236,1027,//,0,2021-03-05 05:35
https://weibo.cn//u/5562821715,帝王蝎43418,男,其他,0,0,1,以怨报德凭啥以德报怨？一剂都不能给！！！！！,1,2021-03-05 05:07
https://weibo.cn//u/5180466530,角落里的哀伤2016,女,其他,522,183,116,相信如果支援的话祖国不会让自己吃亏的，榨干他！     举报             赞[0]         回复             03月05日 03:59 来自网页,0,2021-03-05 03:59
https://weibo.cn//u/2505194132,无妄无涯,男,北京,295,381,61,那条推下面的白眼狼们还一堆嫌弃我们疫苗的呢，以德报怨何以报德？我很怀疑要了就给有什么意义！还不明白这些人畏威而不畏德？既然都这么嫌弃就不给，让他们自己等欧洲的疫苗去，该死的就死该烂的就烂，毕竟“这就是人生”,1,2021-03-05 03:17
https://weibo.cn//u/2365451671,丑恶永痘肌垃圾垃圾垃圾,女,广东,570,245,380, 好不要脸,0,2021-03-05 02:45
https://weibo.cn//u/5885371399,吾老夫子,男,山东,5,41,5,强烈要求先把那个鼹鼠议长正法了再说！,0,2021-03-05 02:14
https://weibo.cn//u/2140600751,钟罗军,男,广东,51,60,610,湾湾有稳他要,0,2021-03-05 01:40
https://weibo.cn//u/6448420570,天空擊落女孩,女,其他,342,601,150,回复@翟在企鹅岛的Bill:欧洲人多多少少都有讨厌中国人的 没啥大不了的 国外奢侈品店最多的顾客还是中国人,0,2021-03-05 01:26
https://weibo.cn//u/7437313612,IRNM666,男,海外,11,41,7,回复@传说中的K飞天小女警:可以私信给我吗？,0,2021-03-05 01:18
https://weibo.cn//u/2005786213,站住獅子,女,广东,207,920,1676,我都还没扎上呢🙃,0,2021-03-05 00:22
https://weibo.cn//u/6007341235,艳阳天与浮躁,男,其他,11,18,9,回复@ggcoolli86962:希望你下次别随便把我定为对国家尊严不在乎的人民,0,2021-03-05 00:05
https://weibo.cn//u/6007341235,艳阳天与浮躁,男,其他,11,18,9,回复@ggcoolli86962:本身我国外交成熟后的智慧就是实用主义和目光比其他国家更长远，中国不提供疫苗给捷克，印度美国也会提供，就算美国可能会提供晚一些，印度提供的疫苗品质低一点，但也吃早会有，不如我们先高价卖去,0,2021-03-05 00:04
https://weibo.cn//u/6007341235,艳阳天与浮躁,男,其他,11,18,9,回复@ggcoolli86962:我的那条评论只是对政府给捷克疫苗这一做法的个人解释，你不该用这样的语气来回复我，因为就我个人而言也希望国家能对捷克不理不睬，拒绝提供。但你自己也想想，我国那么多次呼吁疫苗共享，那么多次公告我国疫苗援助不为政治博弈，现在拒绝难道不是对国际信用的伤害？所以选择高价卖，也是一个优解,0,2021-03-05 00:01
https://weibo.cn//u/3256149715,haigehe,女,广东,379,310,111,回复@小小叶子1007:是的,0,2021-03-04 23:48
https://weibo.cn//u/2273788251,Minovember,女,河南,1389,733,293,回复@小学篱笆旁的蒲公英l:是,0,2021-03-04 23:48
https://weibo.cn//u/1949699480,小学篱笆旁的蒲公英l,女,河北,532,344,136,回复@Minovember:又怎么说呢，始终认为，好人坏人其实不应以国界划分,0,2021-03-04 23:43
https://weibo.cn//u/6994749607,木有感情的死胖子,男,上海,329,92,35,谁？捷克？滚！,0,2021-03-04 23:36
https://weibo.cn//u/3044938004,花椰菜去哪里啦,女,四川,248,55,74,不给！滚！,0,2021-03-04 23:19
https://weibo.cn//u/3270877405,本宝宝大帅比诶,男,海外,667,599,142,回复@冰糖葫芦乱加皮:只要有一个地方要排队就可以说，懂？,0,2021-03-04 23:10
https://weibo.cn//u/1489520942,心灵旅者Jason,男,陕西,6193,1074,3278,滚,0,2021-03-04 23:07
https://weibo.cn//u/5408423900,百胜千度,男,其他,2062,562,363,让他们的访台议长，负荆请罪来北京跪求疫苗！,1,2021-03-04 23:02
https://weibo.cn//u/2657655427,渤海紫龙,男,山东,796,113,93,如果给了捷克疫苗，会让反华挺台国家觉得干涉中国内政也没啥大不了的,0,2021-03-04 23:01
https://weibo.cn//cathorjance,CathorJance,女,其他,6074,787,425,想屁吃,0,2021-03-04 22:56
https://weibo.cn//u/7487049447,封我号的biss,男,其他,138,149,4,台湾，也是中国的，跟中国台湾省要去,0,2021-03-04 22:52
https://weibo.cn//u/2083075577,发毛草莓,女,广东,95,159,279,没货，请排队！,0,2021-03-04 22:47
https://weibo.cn//u/5627635725,椰蓉黄油吐司,女,其他,1303,186,749,一手交钱一手交货,0,2021-03-04 22:46
https://weibo.cn//1991myan,艳行美食,女,海南,21598,1142,2241,有什么用钱买不到的技术还是仪器吗，有的话，可以商量，没有也没事，做梦去！,0,2021-03-04 22:45
https://weibo.cn//u/1015583175,地球人2113,男,重庆,208,1009,409,真见,0,2021-03-04 22:45
https://weibo.cn//u/1918565995,山上有肥牛,男,上海,1693,740,293,发现白人真的不要脸，反中的是你们，要东西了也不含糊，把中国招之即来，挥之即去，玩的溜啊,0,2021-03-04 22:38
https://weibo.cn//u/5887517339,膀大腰圆虎背熊腰,男,江西,325,35,53,回复@不良硕士:捷克老反华大本营了 你不会现在还不知道把,0,2021-03-04 22:38
https://weibo.cn//u/5830082583,冰糖葫芦乱加皮,女,其他,398,71,40,回复@本宝宝大帅比诶:同样的话问你，你那地方就能代表全国了？你那什么地方？,0,2021-03-04 22:37
https://weibo.cn//u/1896383215,大鱼MA,男,广东,3609,47,455,6666666666666,0,2021-03-04 22:30
https://weibo.cn//u/5277270721,沉溺_J,男,湖北,214,13,72,Zf不要装逼了，先把自己人都打上了在装好么？,1,2021-03-04 22:28
https://weibo.cn//u/1757181095,莉酱小公举,女,福建,447,560,661,回复@尼奇窝窝:台湾can help,0,2021-03-04 22:21
https://weibo.cn//u/7571428779,我是哈哈镜1920,女,广东,21,104,1,友宜之邦,0,2021-03-04 22:16
https://weibo.cn//xin904,Imchrish,男,其他,1147,486,201,不 给,0,2021-03-04 22:16
https://weibo.cn//ljinxiao,linjxiao,男,广东,219,183,81,: 不给，这反华国家就别管了。,0,2021-03-04 22:09
https://weibo.cn//u/3270877405,本宝宝大帅比诶,男,海外,667,599,142,回复@民工漫拱门:北京等于全国啊,0,2021-03-04 22:04
https://weibo.cn//u/3270877405,本宝宝大帅比诶,男,海外,667,599,142,回复@冰糖葫芦乱加皮:你们这边就代表全国其他地区了？,0,2021-03-04 22:03
https://weibo.cn//tusi001,吐司男_martin,男,广东,602,342,699,睬你都傻,0,2021-03-04 22:03
https://weibo.cn//u/6337337511,甘草颗粒,男,上海,918,637,130,中国疫苗是国际社会应对新冠病毒的有效物资，为建设人类社会命运共同体，我认为，中国政府会答应捷克政府的要求。,0,2021-03-04 21:52
https://weibo.cn//u/7130116040,古今中外前后左右,男,湖南,10173,1849,200,送吧！反正不会尊重民意,0,2021-03-04 21:52
https://weibo.cn//u/7538093216,未来的兔子007,女,江苏,138,313,15,某些大使馆真是舔狗，人家求就答应吗，这帮白人就是唱红白脸,0,2021-03-04 21:52
https://weibo.cn//u/2683247261,开车也排队,男,河南,315,739,94,这个事吧药也不是不给，但是我们的大使必须要求捷克人民发扬民主精神评议以下牠们哪议长和市长的做法算不算民主，我们再根据我们的利益要求哪俩货负荆请罪的态度确定是不是放药，可以明确的说这是和美国学的……,0,2021-03-04 21:35
https://weibo.cn//u/2683247261,开车也排队,男,河南,315,739,94,回复@沙亮S:这……人家还觉得自己聪明呢！玩的高……就是这个目的,0,2021-03-04 21:28
https://weibo.cn//u/2683247261,开车也排队,男,河南,315,739,94,捷克这类国家非常聪明，安全靠美国经济傍中国，两边得力，这样就需要有两派人分别扮演矛盾的角色，几十年来这个游戏人家为嘛玩的乐此不疲？我们该不该反思？？？,0,2021-03-04 21:26
https://weibo.cn//u/5881780697,士兵199911,男,安徽,4,49,3,捷克绝对不能给，这国政府太坏了。,0,2021-03-04 21:23
https://weibo.cn//u/5274096846,橱窗小白,女,云南,707,272,93,不要脸,0,2021-03-04 21:22
https://weibo.cn//hellofake,old丶唐,男,山西,674,211,183,人面不知何处去,0,2021-03-04 21:04
https://weibo.cn//u/2188433977,Gowolfy,男,其他,6205,729,588,要疫苗？要脸吗？,0,2021-03-04 20:56
https://weibo.cn//u/6330295121,清河念无,男,北京,6,587,97,回复@冷静燕子李三:好家伙,0,2021-03-04 20:39
https://weibo.cn//u/7567015423,空山听雨2021,男,海南,0,8,1,找湾湾，湾湾南波湾,0,2021-03-04 20:32
https://weibo.cn//u/5887908728,微寻百年,男,广东,6741,214,50815,台湾🍍效果更佳,0,2021-03-04 20:27
https://weibo.cn//u/1224382021,言不由西,女,北京,2066,55,67,其他国家都是得到疫苗上热搜，这种申请阶段上热搜是想道德绑架？,0,2021-03-04 20:22
https://weibo.cn//u/5849109565,燕舞007,男,上海,300,88,178,疫苗当然是国内民众优先、捷克一边凉快去,0,2021-03-04 20:15
https://weibo.cn//sweeta,一直快乐的球球,女,上海,1041,307,496,回复@kikyoLEO1:多谢科普，震惊，没想到捷克还能有存在感,0,2021-03-04 20:14
https://weibo.cn//zgdg505,诸葛递葛,男,广东,247,119,7,回复@窗关不住旧忆:捷克总统是牌位，没有实权的。国外的咱们大多数人不了解，举个咱中国的例子吧——中国台湾的蔡省长是有实权的，但民进党籍的蔡省长管得了台北市长柯文哲（民众党籍）和高雄前市长韩国瑜（国民党籍）吗？蔡省长管得了国民党籍和民众党籍的省人大代表吗？,1,2021-03-04 19:59
https://weibo.cn//u/1873250184,布布为瀛,女,江苏,650,76,94,我咋记得之前说我们来着，唉？说的啥,0,2021-03-04 19:55
https://weibo.cn//u/7023460383,岁月静好lsm,女,上海,30,19,9,这样的国家反复无常，不是咱的伙伴,0,2021-03-04 19:52
https://weibo.cn//u/2257493582,king_55,男,浙江,2439,294,665,向蔡伪当局要啊,0,2021-03-04 19:45
https://weibo.cn//u/2273788251,Minovember,女,河南,1389,733,293,回复@小学篱笆旁的蒲公英l:咋说呢,0,2021-03-04 19:42
https://weibo.cn//MrKulang,枯狼先生,男,北京,616,140,85,泽曼总统对华友好，是官方认定的“中国人民的老朋友”。但，捷克总统权力有限，泽曼总统跟总理还不是一个政党的，所以根本压不住场子。对于捷克这种一边干着反华的勾当，一边又借着泽曼总统的面子向中国请求疫苗的“骚操作”，别搭理就是！当然，向老朋友泽曼总统一家提供十支八支的，我没意见！,0,2021-03-04 19:41
https://weibo.cn//u/5869482572,妖精的直发,女,江西,450,122,45,回复@地狱之伞兵:真杠啊！,0,2021-03-04 19:41
https://weibo.cn//u/2519158284,乐乐小爸爸,男,江苏,65,177,39,有多远滚多远,0,2021-03-04 19:40
https://weibo.cn//u/6500469577,华Loveandy521,男,其他,159,519,70,我们自己都没打呢,0,2021-03-04 19:39
https://weibo.cn//cavensnake,CavenSnake,男,上海,97,99,100,买可以 别忘了给个“优惠”的价格,0,2021-03-04 19:37
https://weibo.cn//u/2273788251,Minovember,女,河南,1389,733,293,回复@土匪日常手记:哈哈哈哈哈哈今天下午已经在宿舍群里吐槽过了,0,2021-03-04 19:37
https://weibo.cn//li0bin,背起阳光流浪,男,山东,2994,82,145,你反华还想要饭？咋想的？,0,2021-03-04 19:25
https://weibo.cn//u/7404072907,一烟v,男,其他,3,15,1,辉瑞那么大的企业老美医疗多发达，去辉瑞买吧,0,2021-03-04 19:19
https://weibo.cn//u/1795347881,長河語詞,男,北京,99,7,38,同意，可以提供疫苗。请中国台湾省行政负责人具体落实。,1,2021-03-04 19:18
https://weibo.cn//u/6698513069,巴巴祖的爷爷,女,上海,11,25,10,回复@阳光海浪和鱼:,0,2021-03-04 19:16
https://weibo.cn//u/5338211040,Papa10026,男,天津,63,12,33,回复@月影D狼76:我感觉我们天朝上国还是要厚道点，据蛙蛙们讲，凤梨茎和叶子最防新冠，我们至少可以卖一些过去，也算帮他们一把,0,2021-03-04 19:13
https://weibo.cn//u/3921883112,红鲤鱼驴驴驴,女,海外,408,128,155,回复@慕风叶飘零:是的，一手好牌打的稀烂，还越来越烂，真是可惜了前人的努力和那么美丽的风景,0,2021-03-04 19:11
https://weibo.cn//u/3930509707,玺de怀中猫-,女,山西,1279,409,711,真不要脸,0,2021-03-04 19:09
https://weibo.cn//u/2910729841,我们养一只小狗吧,女,黑龙江,327,251,96,切 捷克还真不要脸,0,2021-03-04 19:05
https://weibo.cn//u/3259639720,墨de镜dede,男,北京,36,269,67,疫苗搞完，继续干政嘛？,0,2021-03-04 19:03
https://weibo.cn//u/1569655661,WYF-凡凡凡凡,女,吉林,1318,405,653,请滚,0,2021-03-04 18:55
https://weibo.cn//u/7305728012,仄仄仄仄仄仄仄ZZZ,男,宁夏,32,54,48,滚,0,2021-03-04 18:45
https://weibo.cn//u/5600269303,哥卤鸡鸭,男,其他,92,162,109,不给✔,0,2021-03-04 18:42
https://weibo.cn//princefeifei,爱听失眠的飞飞-GT,男,江苏,3514,1889,412,问湾湾要,0,2021-03-04 18:35
https://weibo.cn//u/1788014437,haiti地盘,女,北京,7315,1553,512,吃菠萝抗病毒，还是吃台湾菠萝吧,0,2021-03-04 18:35
https://weibo.cn//u/2381385495,等一场温柔的风,女,四川,724,755,327,请求＝不给钱吗？凭什么,0,2021-03-04 18:33
https://weibo.cn//u/5901055730,陈其美1878,男,其他,200,990,375,TW问题应该尽快解决了，不然什么人都能拿TW做点事,0,2021-03-04 18:25
https://weibo.cn//u/2959226472,KIM-叫什么呢,男,辽宁,1049,18,906,捷克是啥,0,2021-03-04 18:19
https://weibo.cn//u/6313816002,放開那個禽獸w,女,吉林,24,33,22,告诉他开塞露治新冠,0,2021-03-04 18:18
https://weibo.cn//u/6991124675,阿尔法特柠檬山,男,四川,55,49,32,这要是还给的话就真的别谈什么大国风范了，那就是吃了被门夹过的核桃还美滋滋了。,0,2021-03-04 18:13
https://weibo.cn//luxiaokuibuzaijia,深情的高伟光今天发微博了吗,女,广东,5976,997,993,溢价500%以上卖吧。有钱干嘛不赚。,0,2021-03-04 18:11
https://weibo.cn//u/5977804072,林荣H,男,广东,3,44,1,国家的对外政策何时能变得更强硬一些,0,2021-03-04 18:06
https://weibo.cn//u/1412996393,深深蓝的空间,男,江苏,669,143,113,回复@地狱之伞兵:全称还是有的 比如江苏省南京市 台湾也应该是台湾省台北市,0,2021-03-04 18:01
https://weibo.cn//DrLiangXing,八大处整形梁星,女,北京,3038,378,547602,不做过多评价,0,2021-03-04 18:00
https://weibo.cn//u/1554056610,DooLaen-,女,广东,305,1030,1390,回复@世界很大gogogo:@Pchanyeol1127 台🐸笑死,0,2021-03-04 17:59
https://weibo.cn//u/1554056610,DooLaen-,女,广东,305,1030,1390,回复@Pchanyeol1127:中国牛逼🤓,0,2021-03-04 17:59
https://weibo.cn//u/6505307071,深藍之藍1989,女,其他,265,108,22,回复@鋒舞飄雪:Frog can help！,1,2021-03-04 17:58
https://weibo.cn//u/2932337927,呼伦贝尔旅游于泡泡,女,内蒙古,241,307,30,可是我还没打呢啊,0,2021-03-04 17:52
https://weibo.cn//u/7352849927,宝贝6妹,女,海南,425,172,6,回复@微天下:效果,0,2021-03-04 17:51
https://weibo.cn//u/1099584765,小凡FIONA是我,女,云南,1051,4172,345,回复@cneyilin:他们来买都不要卖，中国不缺大客户，忘不了去年疫情期间，我们才提供帮助，他们马上就反华！,0,2021-03-04 17:41
https://weibo.cn//u/6076306778,土匪日常手记,男,海外,486,260,66, 哈哈哈想看你的吐槽,0,2021-03-04 17:37
https://weibo.cn//u/6069116178,panda信箱,女,湖北,61,106,18,卖可以，高价买，不然就不卖。,0,2021-03-04 17:24
https://weibo.cn//u/5907987027,未若从前an,男,海外,32,130,86,蛙蛙可以帮你哦,0,2021-03-04 17:23
https://weibo.cn//u/3947211623,提拉米蘇de明天de明天de明天,女,香港,90,818,217,找🐸🐸can help,0,2021-03-04 17:23
https://weibo.cn//u/2837649495,伟楠会有猫的,男,广东,401,163,201,回复@孤独时代的小夹心:国家利益这一块，还真就是非黑即白,0,2021-03-04 17:20
https://weibo.cn//u/5704948967,数学班主任,男,内蒙古,25,200,45,这是个喂不饱的狗崽子,0,2021-03-04 17:18
https://weibo.cn//u/6059907165,金蓝天一和,男,内蒙古,414,397,296,回复@黑黑白白绿绿蓝:世界上有200多个国家。你去查一查。,0,2021-03-04 17:12
评论者主页,评论者昵称,评论者性别,评论者所在地,评论者微博数,评论者关注数,评论者粉丝数,评论内容,评论获赞数,评论发布时间
https://weibo.cn//weitianxia,微天下,男,北京,167355,1177,27251209,捷克向中国“求药”，舆论为何翻车了？,982,2021-03-04 10:10
https://weibo.cn//weitianxia,微天下,男,北京,167355,1177,27251209,中国新冠疫苗靠什么赢得了国际信任？ ,241,2021-03-04 11:01
https://weibo.cn//u/3317131355,cneyilin,女,其他,236,55,366,滚,45642,2021-03-04 06:36
https://weibo.cn//tjhz32,双子星HZX,男,天津,691,148,231,回复@林德伯格:国家同意给疫苗了,0,2021-03-06 13:50 
https://weibo.cn//u/1885396203,夏欢_Sharon,女,海外,962,280,374,回复@一级女巫哈:难得糊涂,0,2021-03-06 12:29 
https://weibo.cn//u/2788988447,地球不爆炸人心会爆炸,男,其他,0,375,123,贱不贱,0,2021-03-06 11:01 
https://weibo.cn//u/7065623935,萌剧外外传,女,其他,79,417,88,回复@我是盐酸呀:也许你不是，但你得允许别人是。,0,2021-03-06 09:49 
https://weibo.cn//u/3275179955,伸手如怀中,男,重庆,7,652,142,这特么是不要脸到什么程度了,0,2021-03-06 08:27 
https://weibo.cn//u/1048779004,旗鸣行508,男,河南,1336,501,160,回复：中国不养狼！,0,2021-03-06 07:34 
https://weibo.cn//u/2693367394,人间炸鸡,女,广东,2377,339,348,回复@丑恶永痘肌垃圾垃圾垃圾:原来不要脸可以到这种程度开眼界了,0,2021-03-06 03:51 
https://weibo.cn//u/5580701259,阿菜考研努力中,男,浙江,23,187,84,回复@本宝宝大帅比诶:嘉兴在打了，有什么是么,0,2021-03-06 01:02 
https://weibo.cn//u/6990919360,尔曹万古流,男,江苏,14,119,8,以德报怨，何以报德,0,2021-03-05 22:41
https://weibo.cn//wjc19921011,辰小耀,男,湖北,4036,682,946,滚,0,2021-03-05 22:11
https://weibo.cn//u/3153356565,洛克贵族,男,山东,37,93,6,回复@没脚的胖胖:呵呵,0,2021-03-05 19:59
https://weibo.cn//u/5747026083,阿泽正,男,广东,12,130,68,回复@我会健康发财的:同意同意,0,2021-03-05 17:58
https://weibo.cn//sbm98,硅基帝国大使,男,海外,3975,1271,126,回复@硅基帝国大使:不要给台湾人在大陆一点生存空间,0,2021-03-05 17:31
https://weibo.cn//sbm98,硅基帝国大使,男,海外,3975,1271,126,中国大陆对台湾人也不能给,0,2021-03-05 17:30
https://weibo.cn//u/3973398610,宁宁想念你们,女,广东,4786,38,78,没门～,0,2021-03-05 17:29
https://weibo.cn//u/6023958768,七牵de猫,男,广东,782,744,154,回复@地狱之伞兵:公知继续 看你表演,0,2021-03-05 15:27
https://weibo.cn//u/2901758385,天真_灵魂,男,其他,53,317,336,以德报怨，何以报德？,0,2021-03-05 13:44
https://weibo.cn//u/5586431262,戏如人生5586431262,男,青海,16,82,2,先把议长处绞刑。免费给！,0,2021-03-05 13:35
https://weibo.cn//u/7508873448,冰雨辉dn,男,山东,4,21,2,以德报怨，何以报德？,0,2021-03-05 12:14
https://weibo.cn//u/6860059211,我是盐酸呀,女,湖北,31,59,30,回复@萌剧外外传:哈哈，人生的意义只在于结婚吗？,0,2021-03-05 12:09
https://weibo.cn//u/1743209632,阳光海浪和鱼,男,上海,208,43,42,回复@懒猫猫猫猫撒娇:去过捷克就能感受到这个国家对于我们的那种敌意了 说不出来但是感受很明显,0,2021-03-05 12:04
https://weibo.cn//u/1743209632,阳光海浪和鱼,男,上海,208,43,42,回复@yuying3125:现在苏联垮了 各种上不了台面的三流国家就要刷存在啊 就是当欧盟强国的狗 主人让咬谁就咬谁,0,2021-03-05 12:02
https://weibo.cn//u/1743209632,阳光海浪和鱼,男,上海,208,43,42,回复@我爱眼泪袋子:北欧几个脑子都不太正常 不做比较的,0,2021-03-05 12:00
https://weibo.cn//u/5869482572,妖精的直发,女,江西,450,122,45,回复@地狱之伞兵:你可真能杠啊,0,2021-03-05 11:28
https://weibo.cn//u/6275209541,叮当猪和小齿兔,女,广东,1428,690,88,回复@Dimitri78893:那也得尝试一下，一句不救就使多少人失去希望。而且在我看来，人命面前，国家种族得往后排。,0,2021-03-05 11:12
https://weibo.cn//u/5376307374,浙江股侠宋玉,女,浙江,2538,661,81466,回复@微天下:棒棒棒👍🏻 👍🏻👍🏻👍🏻👍🏻 👍🏻,0,2021-03-05 10:42
https://weibo.cn//u/5332522657,单衣啊单衣,女,河南,125,3,236,不给,0,2021-03-05 10:13
https://weibo.cn//u/2608158071,一级女巫哈,女,辽宁,1201,1641,602,@夏欢_Sharon,0,2021-03-05 10:08
https://weibo.cn//u/5601953831,疯了的包子_,男,浙江,20,86,51,据说已经同意了？？我真是去年买了个表，谁同意的？能拉出去毙了吗？,0,2021-03-05 10:01
https://weibo.cn//u/2647762951,历史的见证与记录者,男,浙江,200,220,166,双簧演的不错，一个负责骂人，一个负责求助,0,2021-03-05 09:29
https://weibo.cn//bettertorrow,振益的围脖,男,北京,337,264,156,去报蔡蝇蚊的大腿，从未见过如此厚颜无耻之徒！,0,2021-03-05 09:28
https://weibo.cn//u/5557887005,阿丙_25107,男,四川,787,9,81,中国🇨🇳,0,2021-03-05 09:27
https://weibo.cn//u/2685500934,Manchester昊者,男,上海,1498,244,937,霸气拒绝！,0,2021-03-05 09:24
https://weibo.cn//u/1532892365,九紫枟灷,男,河南,1085,154,87,十倍价格卖吧，这样的国家没有优惠,0,2021-03-05 09:19
https://weibo.cn//u/5330245138,万保招金83020,男,其他,16,150,45,不卖。,0,2021-03-05 09:17
https://weibo.cn//u/2582910855,老久666888,男,浙江,235,77,180,反对给,0,2021-03-05 09:12
https://weibo.cn//u/3916710300,酒心儿小鱼干,女,其他,25,420,100,问台湾要吧,0,2021-03-05 09:11
https://weibo.cn//u/6433020813,房天下渭南特价房,女,北京,13177,83,270,【,0,2021-03-05 09:10
https://weibo.cn//u/2283633073,开心过客121,男,河南,54,76,100,回复@微天下:给还是要给的，只是数量和价钱必须控制,0,2021-03-05 09:08
https://weibo.cn//333051158,现代上将,男,上海,3894,933,566,请关注广大唐小僧匹凸匹案受害难民！！,0,2021-03-05 09:07
https://weibo.cn//u/2735054397,大内蒙小鲜肉,男,北京,717,160,299,回复@微天下:不卖贵点都对不起他那张嘴,0,2021-03-05 09:07
https://weibo.cn//u/6698901720,一只卡鸭啊,男,湖北,27,127,15,回复@本宝宝大帅比诶:对内严防，做到你想感染都没机会。,0,2021-03-05 09:01
https://weibo.cn//u/1827940682,老李来了哦,男,河南,38,11,19,非洲鬣狗疫苗，去那要吧,0,2021-03-05 08:59
https://weibo.cn//u/1775315962,烘培小白大E,男,广东,1745,813,228,给总统九族一人一支吧,0,2021-03-05 08:56
https://weibo.cn//u/1880951123,桀骜的自由,男,北京,8260,98,682,价高者得，该卖卖，有钱不赚有意思吗？,0,2021-03-05 08:55
https://weibo.cn//u/5149791629,你们别再打啦,男,其他,198,120,28,回复@夜幕上嵌着的是我:没乱说嘛,0,2021-03-05 08:35
https://weibo.cn//u/2035136191,前尘往事成云烟V,男,广西,0,3,43,咱不差钱，不赚捷克的钱了,0,2021-03-05 08:35
https://weibo.cn//u/2569407403,零加薪,男,广东,163,19,47,回复@微天下:唉～孙子要出国留学…自己退休了还要出国养老…咳咳，做人留一线，日后好相见…整一整西装，提高音呗:中国是负责任大国，要有大国风范，不会坐视不理，给jk援助50万剂🤓,0,2021-03-05 08:33
https://weibo.cn//u/7385550739,礼拜五2020,男,北京,363,43,18,我们产能不足,0,2021-03-05 08:32
https://weibo.cn//u/5028893835,鸭梨爱俊,女,山东,142,103,60,发小在布拉格留学，希望能先给滞留在捷克的中国人打打疫苗，那边可太严重了……,0,2021-03-05 08:27
https://weibo.cn//u/5926697996,獐狼恶霸呀,男,其他,187,250,163,回复@小逗丁儿86:不是对针对你，是当时捷克的做法太让人气愤,0,2021-03-05 08:22
https://weibo.cn//u/2946930674,猜不透Alex,男,福建,391,637,217,不要给啊 或者拒绝给布拉格,0,2021-03-05 08:19
https://weibo.cn//u/6007341235,艳阳天与浮躁,男,其他,11,18,9,回复@ggcoolli86962:首先提出政府给疫苗假设的是你，我是顺着你的假设为政府这种做法做出解释，你却在这头脑一热用激烈的言辞把我打成不在乎国家尊严和挑拨离间的人,0,2021-03-05 08:15
https://weibo.cn//u/2521917935,作为普通用户只能改一次名字,男,北京,266,131,322,回复@恰饭饭呢:别国政治都拿中国来当拉踩筹码是中国强大的证明,0,2021-03-05 08:14
https://weibo.cn//serendipity73,百诺恩股东大S,女,其他,1075,308,10254,可以来买,0,2021-03-05 08:13
https://weibo.cn//u/6007341235,艳阳天与浮躁,男,其他,11,18,9,回复@ggcoolli86962:我都那样解释了你竟然还是这样的语气回复我，我自问自己一向左派立场也会被你打成挑拨离间，真不懂你的阅读理解怎么会这么差，明明我说了我作为普通公民希望对捷克请求不理不睬，你却依旧说我想把疫苗给别人，特别是看到你说我要求政府这么干还加个感叹号真的让我觉得好笑,0,2021-03-05 08:12
https://weibo.cn//u/5617876038,光影相交,男,上海,164,90,121,回复@地狱之伞兵:历史是用来反思和参照的。人类社会是需要发展前进的。如子钻在里面不肯出来可悲可叹。空有爱国情 实拖发展腿是为假，行损国利益而不自知是为奸，闻发展是第一生产力而不自查是为蠢。汝此之人，也敢嘤嘤狂吠 实乃王司徒转世也,0,2021-03-05 08:12
https://weibo.cn//u/6086437158,红魔sheva-777,男,山东,2,175,4,回复@恰饭饭呢:回答你的问题 给你科普一下 1全世界60亿左右人口 中国14亿左右人口 所以除去几个流氓政权国家 这194个国家大概也有40多亿人民 2因为全世界搞社会主义的国家就5个 中朝越古老 看看国际形势就很容易认清现实 是不是别的国家一起,0,2021-03-05 08:10
https://weibo.cn//u/7065623935,萌剧外外传,女,其他,79,417,88,回复@我是盐酸呀:怎么从源头解决呢？杀掉这三千万男士吗？除了战争还有好办法吗。,0,2021-03-05 08:07
https://weibo.cn//u/1736732931,木田日月雨,女,山东,703,141,255,反华者求疫苗的不给。,0,2021-03-05 08:03
https://weibo.cn//u/1852508554,文艺Cassell,女,上海,991,378,154,回复@阿福的梦:杰克脸可真够大的，反华的事儿不提了，觍着脸要东西可行,0,2021-03-05 08:03
https://weibo.cn//u/6311836006,地狱之伞兵,女,北京,10,40,12,回复@光影相交:是是是 历史忘记的可真快 健忘的国人 一个个在这把勿忘国耻挂在嘴边 真正的仇敌都给忘了 日本除了琉球可没侵占中国领土 毛子抢了多少还在这说我刻舟 那我是不是可以说你没良心忘了国仇家恨啊 一寸山河一寸血 这毛子抢走的土地是多少血啊,0,2021-03-05 08:02
https://weibo.cn//u/2008198525,gk_1983,男,湖北,4052,430,455,先买他几吨凤梨吃了再说，凤梨可以预防新冠,0,2021-03-05 07:59
https://weibo.cn//u/5872149381,老头羊2014,男,北京,24,7,162,可以给点 都是 得慢慢慢慢慢慢等。,0,2021-03-05 07:59
https://weibo.cn//u/5617876038,光影相交,男,上海,164,90,121,回复@地狱之伞兵:好好的刻你的舟,0,2021-03-05 07:58
https://weibo.cn//u/7444434819,ST李炜不会投资,男,江苏,11613,567,309,建议向中国台湾省求援,0,2021-03-05 07:57
https://weibo.cn//u/5614241185,四零四Zzz,男,湖北,1072,107,216,要什么疫苗嘛，一天18公斤凤梨不好嘛,0,2021-03-05 07:55
https://weibo.cn//u/5614241185,四零四Zzz,男,湖北,1072,107,216,回复@黑格尔的冥想:36斤,0,2021-03-05 07:54
https://weibo.cn//u/6582395460,SuessSchwein,女,其他,0,56,10,回复@云上一只喵:额，议员和总统一样是选出来的，现在议会和他们的总统总理是不同党派,0,2021-03-05 07:49
https://weibo.cn//u/6311836006,地狱之伞兵,女,北京,10,40,12,回复@妖精的直发:也不知道谁杠 看看热搜第九 江苏明确教师不得用手机布置作业 我也没看到用江苏省啊 国内哪次说省名字非要加个省了？非要抬杠给台湾搞特殊？又没说台湾国非要强调这没用的？咋了不说台湾省就会被当成台湾县台湾镇台湾国了呗 那要是怕没脑子的不强调台湾省当成台湾国 那咋不加个中国台湾省呢,0,2021-03-05 07:47
https://weibo.cn//u/6582395460,SuessSchwein,女,其他,0,56,10,回复@蚂蚁不怕辣:而且就连美国总统也管不了议长啊(众议院),0,2021-03-05 07:46
https://weibo.cn//u/1202324624,永远1202324624,男,河北,25,12,526,让他那些去台湾的高层人士去台湾要去吧，加油接客,0,2021-03-05 07:42
https://weibo.cn//u/6256364802,勇往直前581,男,上海,2554,1639,601,不给 坚决不给,0,2021-03-05 07:42
https://weibo.cn//u/3226361870,一天到晚就想着多财多亿的骑士猫,男,新疆,1676,209,184,给你个大青蛙,0,2021-03-05 07:40
https://weibo.cn//u/6165353134,恰饭饭呢,女,江西,288,67,133,回复@红魔sheva-777:好笑的语言，这194个国家，加起来人口有多少，还有一句，你咋知道194个国家钢板一块？无知,0,2021-03-05 07:35
https://weibo.cn//u/6165353134,恰饭饭呢,女,江西,288,67,133,回复@作为普通用户只能改一次名字:未来50年是中国的，他们该适应中国了，你见过有人去讨好比你弱的国家么？,0,2021-03-05 07:33
https://weibo.cn//u/5800745734,香草奶昔菌,男,广东,111,160,150,脸皮真厚,0,2021-03-05 07:27
https://weibo.cn//u/3905405661,森林里的迷宫,男,其他,41,137,96,感觉这些国家的领导人脑洞奇葩，这边一直打压攻击咱们，那边还有脸张口要东西。见过脸皮厚的没见过这么不要脸的,1,2021-03-05 07:24
https://weibo.cn//u/7385805881,无知小子091,男,广东,9,45,79,台湾凤梨可以抑制新冠的，买台湾凤梨就好了,0,2021-03-05 07:14
https://weibo.cn//u/7488360078,ggcoolli86962,男,其他,3,232,26,回复@艳阳天与浮躁:你是什么样的居心，为什么这么想把疫苗给别人，我说说大家就明白了！一个践踏过我国底线的国家，伤害过我们人民自尊的政府，现在转头来要我们帮他们，然后全网人民大多数不同意我们的政府去做这事，你却要求我们政府这么干！我们政府要是给了，不同意的人民会怎么看我们的政府，挑拨离间真有一套,0,2021-03-05 07:13
https://weibo.cn//u/1703899173,伊甸之东-123,男,江西,3183,3846,984,100亿一剂疫苗，,0,2021-03-05 07:12
https://weibo.cn//u/6230751414,小怪兽的冬天居士,男,上海,53,40,51,牛尿治新冠。。。找阿三买,0,2021-03-05 07:09
https://weibo.cn//u/2697426320,Hubble0410,男,广东,17982,602,604,不约,0,2021-03-05 07:08
https://weibo.cn//u/1409233345,代号Carlos,男,黑龙江,1215,244,1480,去湾湾找菜菜子啊。,0,2021-03-05 07:07
https://weibo.cn//573311392,HW遛狗大师,男,四川,23866,197,15022,回复@伊亚街里的伊亚里郎:太少，至少十万美元一支，而且需要提前预约付款，每周一十点抢购,0,2021-03-05 07:04
https://weibo.cn//u/6077726936,spruce_api,男,江苏,8,255,246,脸皮真厚,0,2021-03-05 07:01
https://weibo.cn//u/5141072296,股民_守株待牛,男,陕西,93,15,239,台蛙 can help,0,2021-03-05 06:54
https://weibo.cn//u/2451162962,He-2019,男,河南,638,495,188,湾湾可以供疫苗加凤梨,0,2021-03-05 06:49
https://weibo.cn//u/1577398594,feng9826,男,其他,1549,64,384,回复@微天下:按市场价格卖！,0,2021-03-05 06:49
https://weibo.cn//u/6571101554,狩魔猎人杰洛特of利维亚,男,其他,245,1099,135,台湾can help！,0,2021-03-05 06:48
https://weibo.cn//u/2694534942,echocyn,女,上海,2867,475,341,想起小品扶不扶了,0,2021-03-05 06:47
https://weibo.cn//u/6094479770,民工漫拱门,男,其他,57,162,41,回复@本宝宝大帅比诶:怎么，你们那疫情很重？再说国家可以申请打，而且免费，一年产能拉满也不够中国人用的，肯定哪着急哪先用,0,2021-03-05 06:46
https://weibo.cn//u/7328188545,传说中的K飞天小女警,女,其他,2634,222,67,回复@IRNM666:发完这次不发了,0,2021-03-05 06:31
https://weibo.cn//u/5645812273,我是一颗七彩雨花石,女,江苏,107,632,87,回复@cneyilin:简单明了,0,2021-03-05 06:10
https://weibo.cn//u/3490638632,旭日东升236,男,辽宁,12,7,257,"送他两个字“加油""",0,2021-03-05 06:04
https://weibo.cn//xiaoyaotianyiyou,准备着一飞冲天,男,湖北,10355,2232,1026,//,0,2021-03-05 05:35
https://weibo.cn//u/5562821715,帝王蝎43418,男,其他,0,0,1,以怨报德凭啥以德报怨？一剂都不能给！！！！！,1,2021-03-05 05:07
https://weibo.cn//u/5180466530,角落里的哀伤2016,女,其他,522,183,116,相信如果支援的话祖国不会让自己吃亏的，榨干他！     举报             赞[0]         回复             03月05日 03:59 来自网页,0,2021-03-05 03:59
https://weibo.cn//u/2505194132,无妄无涯,男,北京,295,381,61,那条推下面的白眼狼们还一堆嫌弃我们疫苗的呢，以德报怨何以报德？我很怀疑要了就给有什么意义！还不明白这些人畏威而不畏德？既然都这么嫌弃就不给，让他们自己等欧洲的疫苗去，该死的就死该烂的就烂，毕竟“这就是人生”,1,2021-03-05 03:17
https://weibo.cn//u/2365451671,丑恶永痘肌垃圾垃圾垃圾,女,广东,570,245,380, 好不要脸,0,2021-03-05 02:45
https://weibo.cn//u/5885371399,吾老夫子,男,山东,5,41,5,强烈要求先把那个鼹鼠议长正法了再说！,0,2021-03-05 02:14
https://weibo.cn//u/2140600751,钟罗军,男,广东,51,60,610,湾湾有稳他要,0,2021-03-05 01:40
https://weibo.cn//u/6448420570,天空擊落女孩,女,其他,342,601,150,回复@翟在企鹅岛的Bill:欧洲人多多少少都有讨厌中国人的 没啥大不了的 国外奢侈品店最多的顾客还是中国人,0,2021-03-05 01:26
https://weibo.cn//u/7437313612,IRNM666,男,海外,11,41,7,回复@传说中的K飞天小女警:可以私信给我吗？,0,2021-03-05 01:18
https://weibo.cn//u/2005786213,站住獅子,女,广东,207,920,1676,我都还没扎上呢🙃,0,2021-03-05 00:22
https://weibo.cn//u/6007341235,艳阳天与浮躁,男,其他,11,18,9,回复@ggcoolli86962:希望你下次别随便把我定为对国家尊严不在乎的人民,0,2021-03-05 00:05
https://weibo.cn//u/6007341235,艳阳天与浮躁,男,其他,11,18,9,回复@ggcoolli86962:本身我国外交成熟后的智慧就是实用主义和目光比其他国家更长远，中国不提供疫苗给捷克，印度美国也会提供，就算美国可能会提供晚一些，印度提供的疫苗品质低一点，但也吃早会有，不如我们先高价卖去,0,2021-03-05 00:04
https://weibo.cn//u/6007341235,艳阳天与浮躁,男,其他,11,18,9,回复@ggcoolli86962:我的那条评论只是对政府给捷克疫苗这一做法的个人解释，你不该用这样的语气来回复我，因为就我个人而言也希望国家能对捷克不理不睬，拒绝提供。但你自己也想想，我国那么多次呼吁疫苗共享，那么多次公告我国疫苗援助不为政治博弈，现在拒绝难道不是对国际信用的伤害？所以选择高价卖，也是一个优解,0,2021-03-05 00:01
https://weibo.cn//u/3256149715,haigehe,女,广东,379,310,111,回复@小小叶子1007:是的,0,2021-03-04 23:48
https://weibo.cn//u/2273788251,Minovember,女,河南,1389,733,293,回复@小学篱笆旁的蒲公英l:是,0,2021-03-04 23:48
https://weibo.cn//u/1949699480,小学篱笆旁的蒲公英l,女,河北,532,344,136,回复@Minovember:又怎么说呢，始终认为，好人坏人其实不应以国界划分,0,2021-03-04 23:43
https://weibo.cn//u/6994749607,木有感情的死胖子,男,上海,329,92,35,谁？捷克？滚！,0,2021-03-04 23:36
https://weibo.cn//u/3044938004,花椰菜去哪里啦,女,四川,248,55,74,不给！滚！,0,2021-03-04 23:19
https://weibo.cn//u/3270877405,本宝宝大帅比诶,男,海外,667,599,142,回复@冰糖葫芦乱加皮:只要有一个地方要排队就可以说，懂？,0,2021-03-04 23:10
https://weibo.cn//u/1489520942,心灵旅者Jason,男,陕西,6193,1074,3278,滚,0,2021-03-04 23:07
https://weibo.cn//u/5408423900,百胜千度,男,其他,2062,562,363,让他们的访台议长，负荆请罪来北京跪求疫苗！,1,2021-03-04 23:02
https://weibo.cn//u/2657655427,渤海紫龙,男,山东,796,113,93,如果给了捷克疫苗，会让反华挺台国家觉得干涉中国内政也没啥大不了的,0,2021-03-04 23:01
https://weibo.cn//cathorjance,CathorJance,女,其他,6074,787,425,想屁吃,0,2021-03-04 22:56
https://weibo.cn//u/7487049447,封我号的biss,男,其他,138,149,4,台湾，也是中国的，跟中国台湾省要去,0,2021-03-04 22:52
https://weibo.cn//u/2083075577,发毛草莓,女,广东,95,159,279,没货，请排队！,0,2021-03-04 22:47
https://weibo.cn//u/5627635725,椰蓉黄油吐司,女,其他,1303,186,749,一手交钱一手交货,0,2021-03-04 22:46
https://weibo.cn//1991myan,艳行美食,女,海南,21598,1142,2241,有什么用钱买不到的技术还是仪器吗，有的话，可以商量，没有也没事，做梦去！,0,2021-03-04 22:45
https://weibo.cn//u/1015583175,地球人2113,男,重庆,208,1009,409,真见,0,2021-03-04 22:45
https://weibo.cn//u/1918565995,山上有肥牛,男,上海,1693,740,293,发现白人真的不要脸，反中的是你们，要东西了也不含糊，把中国招之即来，挥之即去，玩的溜啊,0,2021-03-04 22:38
https://weibo.cn//u/5887517339,膀大腰圆虎背熊腰,男,江西,325,35,53,回复@不良硕士:捷克老反华大本营了 你不会现在还不知道把,0,2021-03-04 22:38
https://weibo.cn//u/5830082583,冰糖葫芦乱加皮,女,其他,398,71,40,回复@本宝宝大帅比诶:同样的话问你，你那地方就能代表全国了？你那什么地方？,0,2021-03-04 22:37
https://weibo.cn//u/1896383215,大鱼MA,男,广东,3609,47,455,6666666666666,0,2021-03-04 22:30
https://weibo.cn//u/5277270721,沉溺_J,男,湖北,214,13,72,Zf不要装逼了，先把自己人都打上了在装好么？,1,2021-03-04 22:28
https://weibo.cn//u/1757181095,莉酱小公举,女,福建,447,560,661,回复@尼奇窝窝:台湾can help,0,2021-03-04 22:21
https://weibo.cn//u/7571428779,我是哈哈镜1920,女,广东,21,104,1,友宜之邦,0,2021-03-04 22:16
https://weibo.cn//xin904,Imchrish,男,其他,1147,486,201,不 给,0,2021-03-04 22:16
https://weibo.cn//ljinxiao,linjxiao,男,广东,219,183,81,: 不给，这反华国家就别管了。,0,2021-03-04 22:09
https://weibo.cn//u/3270877405,本宝宝大帅比诶,男,海外,667,599,142,回复@民工漫拱门:北京等于全国啊,0,2021-03-04 22:04
https://weibo.cn//u/3270877405,本宝宝大帅比诶,男,海外,667,599,142,回复@冰糖葫芦乱加皮:你们这边就代表全国其他地区了？,0,2021-03-04 22:03
https://weibo.cn//tusi001,吐司男_martin,男,广东,602,342,699,睬你都傻,0,2021-03-04 22:03
https://weibo.cn//u/6337337511,甘草颗粒,男,上海,918,637,130,中国疫苗是国际社会应对新冠病毒的有效物资，为建设人类社会命运共同体，我认为，中国政府会答应捷克政府的要求。,0,2021-03-04 21:52
https://weibo.cn//u/7130116040,古今中外前后左右,男,湖南,10173,1849,200,送吧！反正不会尊重民意,0,2021-03-04 21:52
https://weibo.cn//u/7538093216,未来的兔子007,女,江苏,138,313,15,某些大使馆真是舔狗，人家求就答应吗，这帮白人就是唱红白脸,0,2021-03-04 21:52
https://weibo.cn//u/2683247261,开车也排队,男,河南,315,739,94,这个事吧药也不是不给，但是我们的大使必须要求捷克人民发扬民主精神评议以下牠们哪议长和市长的做法算不算民主，我们再根据我们的利益要求哪俩货负荆请罪的态度确定是不是放药，可以明确的说这是和美国学的……,0,2021-03-04 21:35
https://weibo.cn//u/2683247261,开车也排队,男,河南,315,739,94,回复@沙亮S:这……人家还觉得自己聪明呢！玩的高……就是这个目的,0,2021-03-04 21:28
https://weibo.cn//u/2683247261,开车也排队,男,河南,315,739,94,捷克这类国家非常聪明，安全靠美国经济傍中国，两边得力，这样就需要有两派人分别扮演矛盾的角色，几十年来这个游戏人家为嘛玩的乐此不疲？我们该不该反思？？？,0,2021-03-04 21:26
https://weibo.cn//u/5881780697,士兵199911,男,安徽,4,49,3,捷克绝对不能给，这国政府太坏了。,0,2021-03-04 21:23
https://weibo.cn//u/5274096846,橱窗小白,女,云南,707,272,93,不要脸,0,2021-03-04 21:22
https://weibo.cn//hellofake,old丶唐,男,山西,674,211,183,人面不知何处去,0,2021-03-04 21:04
https://weibo.cn//u/2188433977,Gowolfy,男,其他,6205,729,588,要疫苗？要脸吗？,0,2021-03-04 20:56
https://weibo.cn//u/6330295121,清河念无,男,北京,6,587,97,回复@冷静燕子李三:好家伙,0,2021-03-04 20:39
https://weibo.cn//u/7567015423,空山听雨2021,男,海南,0,8,1,找湾湾，湾湾南波湾,0,2021-03-04 20:32
https://weibo.cn//u/5887908728,微寻百年,男,广东,6741,214,50815,台湾🍍效果更佳,0,2021-03-04 20:27
https://weibo.cn//u/1224382021,言不由西,女,北京,2066,55,67,其他国家都是得到疫苗上热搜，这种申请阶段上热搜是想道德绑架？,0,2021-03-04 20:22
https://weibo.cn//u/5849109565,燕舞007,男,上海,300,88,178,疫苗当然是国内民众优先、捷克一边凉快去,0,2021-03-04 20:15
https://weibo.cn//sweeta,一直快乐的球球,女,上海,1041,307,496,回复@kikyoLEO1:多谢科普，震惊，没想到捷克还能有存在感,0,2021-03-04 20:14
https://weibo.cn//zgdg505,诸葛递葛,男,广东,247,119,7,回复@窗关不住旧忆:捷克总统是牌位，没有实权的。国外的咱们大多数人不了解，举个咱中国的例子吧——中国台湾的蔡省长是有实权的，但民进党籍的蔡省长管得了台北市长柯文哲（民众党籍）和高雄前市长韩国瑜（国民党籍）吗？蔡省长管得了国民党籍和民众党籍的省人大代表吗？,1,2021-03-04 19:59
https://weibo.cn//u/1873250184,布布为瀛,女,江苏,650,76,94,我咋记得之前说我们来着，唉？说的啥,0,2021-03-04 19:55
https://weibo.cn//u/7023460383,岁月静好lsm,女,上海,30,19,9,这样的国家反复无常，不是咱的伙伴,0,2021-03-04 19:52
https://weibo.cn//u/2257493582,king_55,男,浙江,2439,294,665,向蔡伪当局要啊,0,2021-03-04 19:45
https://weibo.cn//u/2273788251,Minovember,女,河南,1389,733,293,回复@小学篱笆旁的蒲公英l:咋说呢,0,2021-03-04 19:42
https://weibo.cn//MrKulang,枯狼先生,男,北京,616,140,85,泽曼总统对华友好，是官方认定的“中国人民的老朋友”。但，捷克总统权力有限，泽曼总统跟总理还不是一个政党的，所以根本压不住场子。对于捷克这种一边干着反华的勾当，一边又借着泽曼总统的面子向中国请求疫苗的“骚操作”，别搭理就是！当然，向老朋友泽曼总统一家提供十支八支的，我没意见！,0,2021-03-04 19:41
https://weibo.cn//u/5869482572,妖精的直发,女,江西,450,122,45,回复@地狱之伞兵:真杠啊！,0,2021-03-04 19:41
https://weibo.cn//u/2519158284,乐乐小爸爸,男,江苏,65,177,39,有多远滚多远,0,2021-03-04 19:40
https://weibo.cn//u/6500469577,华Loveandy521,男,其他,159,519,70,我们自己都没打呢,0,2021-03-04 19:39
https://weibo.cn//cavensnake,CavenSnake,男,上海,97,99,100,买可以 别忘了给个“优惠”的价格,0,2021-03-04 19:37
https://weibo.cn//u/2273788251,Minovember,女,河南,1389,733,293,回复@土匪日常手记:哈哈哈哈哈哈今天下午已经在宿舍群里吐槽过了,0,2021-03-04 19:37
https://weibo.cn//li0bin,背起阳光流浪,男,山东,2994,82,145,你反华还想要饭？咋想的？,0,2021-03-04 19:25
https://weibo.cn//u/7404072907,一烟v,男,其他,3,15,1,辉瑞那么大的企业老美医疗多发达，去辉瑞买吧,0,2021-03-04 19:19
https://weibo.cn//u/1795347881,長河語詞,男,北京,99,7,38,同意，可以提供疫苗。请中国台湾省行政负责人具体落实。,1,2021-03-04 19:18
https://weibo.cn//u/6698513069,巴巴祖的爷爷,女,上海,11,25,10,回复@阳光海浪和鱼:,0,2021-03-04 19:16
https://weibo.cn//u/5338211040,Papa10026,男,天津,63,12,33,回复@月影D狼76:我感觉我们天朝上国还是要厚道点，据蛙蛙们讲，凤梨茎和叶子最防新冠，我们至少可以卖一些过去，也算帮他们一把,0,2021-03-04 19:13
https://weibo.cn//u/3921883112,红鲤鱼驴驴驴,女,海外,408,128,155,回复@慕风叶飘零:是的，一手好牌打的稀烂，还越来越烂，真是可惜了前人的努力和那么美丽的风景,0,2021-03-04 19:11
https://weibo.cn//u/3930509707,玺de怀中猫-,女,山西,1279,409,711,真不要脸,0,2021-03-04 19:09
https://weibo.cn//u/2910729841,我们养一只小狗吧,女,黑龙江,327,251,96,切 捷克还真不要脸,0,2021-03-04 19:05
https://weibo.cn//u/3259639720,墨de镜dede,男,北京,36,269,67,疫苗搞完，继续干政嘛？,0,2021-03-04 19:03
https://weibo.cn//u/1569655661,WYF-凡凡凡凡,女,吉林,1318,405,653,请滚,0,2021-03-04 18:55
https://weibo.cn//u/7305728012,仄仄仄仄仄仄仄ZZZ,男,宁夏,32,54,48,滚,0,2021-03-04 18:45
https://weibo.cn//u/5600269303,哥卤鸡鸭,男,其他,92,162,109,不给✔,0,2021-03-04 18:42
https://weibo.cn//princefeifei,爱听失眠的飞飞-GT,男,江苏,3514,1889,412,问湾湾要,0,2021-03-04 18:35
https://weibo.cn//u/1788014437,haiti地盘,女,北京,7315,1553,512,吃菠萝抗病毒，还是吃台湾菠萝吧,0,2021-03-04 18:35
https://weibo.cn//u/2381385495,等一场温柔的风,女,四川,724,755,327,请求＝不给钱吗？凭什么,0,2021-03-04 18:33
https://weibo.cn//u/5901055730,陈其美1878,男,其他,200,990,375,TW问题应该尽快解决了，不然什么人都能拿TW做点事,0,2021-03-04 18:25
https://weibo.cn//u/2959226472,KIM-叫什么呢,男,辽宁,1049,18,906,捷克是啥,0,2021-03-04 18:19
https://weibo.cn//u/6313816002,放開那個禽獸w,女,吉林,24,33,22,告诉他开塞露治新冠,0,2021-03-04 18:18
https://weibo.cn//u/6991124675,阿尔法特柠檬山,男,四川,55,49,32,这要是还给的话就真的别谈什么大国风范了，那就是吃了被门夹过的核桃还美滋滋了。,0,2021-03-04 18:13
https://weibo.cn//luxiaokuibuzaijia,深情的高伟光今天发微博了吗,女,广东,5976,997,993,溢价500%以上卖吧。有钱干嘛不赚。,0,2021-03-04 18:11
https://weibo.cn//u/5977804072,林荣H,男,广东,3,44,1,国家的对外政策何时能变得更强硬一些,0,2021-03-04 18:06
https://weibo.cn//u/1412996393,深深蓝的空间,男,江苏,669,143,113,回复@地狱之伞兵:全称还是有的 比如江苏省南京市 台湾也应该是台湾省台北市,0,2021-03-04 18:01
https://weibo.cn//DrLiangXing,八大处整形梁星,女,北京,3038,378,547602,不做过多评价,0,2021-03-04 18:00
https://weibo.cn//u/1554056610,DooLaen-,女,广东,305,1030,1390,回复@世界很大gogogo:@Pchanyeol1127 台🐸笑死,0,2021-03-04 17:59
https://weibo.cn//u/1554056610,DooLaen-,女,广东,305,1030,1390,回复@Pchanyeol1127:中国牛逼🤓,0,2021-03-04 17:59
https://weibo.cn//u/6505307071,深藍之藍1989,女,其他,265,108,22,回复@鋒舞飄雪:Frog can help！,1,2021-03-04 17:58
https://weibo.cn//u/2932337927,呼伦贝尔旅游于泡泡,女,内蒙古,241,307,30,可是我还没打呢啊,0,2021-03-04 17:52
https://weibo.cn//u/7352849927,宝贝6妹,女,海南,425,172,6,回复@微天下:效果,0,2021-03-04 17:51
https://weibo.cn//u/1099584765,小凡FIONA是我,女,云南,1051,4172,345,回复@cneyilin:他们来买都不要卖，中国不缺大客户，忘不了去年疫情期间，我们才提供帮助，他们马上就反华！,0,2021-03-04 17:41
https://weibo.cn//u/6076306778,土匪日常手记,男,海外,486,260,66, 哈哈哈想看你的吐槽,0,2021-03-04 17:37
https://weibo.cn//u/6069116178,panda信箱,女,湖北,61,106,18,卖可以，高价买，不然就不卖。,0,2021-03-04 17:24
https://weibo.cn//u/5907987027,未若从前an,男,海外,32,130,86,蛙蛙可以帮你哦,0,2021-03-04 17:23
https://weibo.cn//u/3947211623,提拉米蘇de明天de明天de明天,女,香港,90,818,217,找🐸🐸can help,0,2021-03-04 17:23
https://weibo.cn//u/2837649495,伟楠会有猫的,男,广东,401,163,201,回复@孤独时代的小夹心:国家利益这一块，还真就是非黑即白,0,2021-03-04 17:20
https://weibo.cn//u/5704948967,数学班主任,男,内蒙古,25,200,45,这是个喂不饱的狗崽子,0,2021-03-04 17:18
https://weibo.cn//u/6059907165,金蓝天一和,男,内蒙古,414,397,296,回复@黑黑白白绿绿蓝:世界上有200多个国家。你去查一查。,0,2021-03-04 17:12
https://weibo.cn//u/6999388869,梦之语89,男,其他,2,11,1,卖高价别心软,0,2021-03-04 17:05
https://weibo.cn//u/6258688400,章仗璋,男,上海,316,122,9,滚滚滚,0,2021-03-04 16:55
https://weibo.cn//u/7389011995,行乐亦可,男,吉林,8,10,6,要脸不,0,2021-03-04 16:48
https://weibo.cn//u/7496263275,卡蜜尔_,男,其他,4,46,2,回复@不良硕士:所以就是用的着就亲，用不着的时候亲就不在了被？,0,2021-03-04 16:47
https://weibo.cn//u/5503433841,小九yl,女,广西,30,53,120,加钱,0,2021-03-04 16:42
https://weibo.cn//u/6534430302,丢了丢勒,男,北京,13,233,96,回复@枫林叶起:肯定会给，但是你要相信绝对不是白给的，搞政治不是混黑社会，不是零和游戏,0,2021-03-04 16:40
https://weibo.cn//u/5238244507,阿匚匚,女,陕西,97,175,161,回复@Aaron58557:估计会卖…卖贵点,0,2021-03-04 16:39
https://weibo.cn//u/3976825540,XRtoniy7,男,其他,3675,1076,464,跪下唱征服,0,2021-03-04 16:39
https://weibo.cn//u/6649542147,蓝桥明月夜,男,吉林,345,79,352,以德报怨，何以报德？,0,2021-03-04 16:35
https://weibo.cn//lesliefang,方肉荣,男,上海,2865,832,548,台湾省负责对接,0,2021-03-04 16:32
https://weibo.cn//u/1902528622,开了封的橘子水,女,广东,245,277,775,滚,0,2021-03-04 16:31
https://weibo.cn//u/3699538641,风月无边-MrDing,女,浙江,9045,826,146,去吃台湾的菠萝，可以治新冠！,0,2021-03-04 16:31
https://weibo.cn//916947217,观察观刮大风,男,广东,3604,2456,258,建议叫捷克帮忙统一一下台湾，就看他们的诚意了,0,2021-03-04 16:28
https://weibo.cn//u/1902528622,开了封的橘子水,女,广东,245,277,775,回复@尼奇窝窝:什么省？乡村差不多,0,2021-03-04 16:23
https://weibo.cn//u/2521917935,作为普通用户只能改一次名字,男,北京,266,131,322,回复@Zachary-王zl:真好哇，所以为什么要文化交流不出去走走，对这些天天看微博敲键盘的人这些真的无语（没疫情的话）,1,2021-03-04 16:21
https://weibo.cn//u/3137873851,家有只妞妞,男,浙江,486,1151,443,真不要脸,0,2021-03-04 16:19
https://weibo.cn//u/5616059460,无爱亦无敌,女,浙江,162,100,32,回复@黑格尔的冥想:所以说，他们有点太拿自己当回事,0,2021-03-04 16:18
https://weibo.cn//u/1977754913,无心无意,男,山西,376,92,59,回复@Baki君:生产队的驴都不敢这么喂,0,2021-03-04 16:17
https://weibo.cn//u/1924632370,谁他妈的占用我的昵称,男,天津,383,678,1957,我们等着接收捷克的国土和美女了,0,2021-03-04 16:13
https://weibo.cn//luodeguo,四維-德国,男,广东,799,233,140,滚！给了还说是污蔑说新冠是中国起源的。,0,2021-03-04 16:08
https://weibo.cn//u/6086437158,红魔sheva-777,男,山东,2,175,4,回复@影舞月光:世界194个国家点踩 剩余四个为你点赞 不对 五个 少了伊朗,0,2021-03-04 16:02
https://weibo.cn//u/2237029945,拍碎玉阑干,男,海外,14,2610,219,回复@超凶的Jolley:那就给泽曼个人和家庭赠送疫苗，其他的不管就行。泽曼自己没法代表捷克民众的反华情绪,0,2021-03-04 16:00
https://weibo.cn//u/2237029945,拍碎玉阑干,男,海外,14,2610,219,要是送过去，就是惠捷政策暖人心？,0,2021-03-04 15:58
https://weibo.cn//firewenhao,影舞月光,女,海外,2936,1019,521,回复@红魔sheva-777:美国才是真正的流氓政权了,0,2021-03-04 15:51
https://weibo.cn//u/2247463025,Singer519,男,上海,174,451,448,不要脸！,0,2021-03-04 15:48
https://weibo.cn//u/6395033412,蓝雪夷勿谈国事,男,其他,543,158,4,回复@微天下:不给不合适，毕竟疫苗与政治最好不要挂钩。但是可以要求全额全款先支付，后发货。以民主国家的工作效率，和民主国家各党派掣肘的程度，到账估计遥遥无期。,3,2021-03-04 15:48
https://weibo.cn//u/6086437158,红魔sheva-777,男,山东,2,175,4,回复@影舞月光:流氓政权集合,0,2021-03-04 15:46
https://weibo.cn//u/2813615457,单身富婆Luna,男,新疆,3336,571,524,请一定不要给,0,2021-03-04 15:42
https://weibo.cn//philiplao,劳仙森,男,上海,2011,673,526,让布拉格市长去台湾买吧,0,2021-03-04 15:41
https://weibo.cn//206141491,这个名字__有点俗,男,其他,3486,103,1626,台湾可以帮助你。你多买点凤梨,0,2021-03-04 15:40
https://weibo.cn//u/2299685944,珈珈_Always,女,广东,4350,262,350,东郭先生与狼，农夫与蛇，郝健与老太太,0,2021-03-04 15:39
https://weibo.cn//u/1862914383,圣圣的小晴阳,女,上海,22261,40,415,问你美国爹去要啊,0,2021-03-04 15:34
https://weibo.cn//u/7570759341,夹竹桃不是水蜜桃,女,广西,87,86,23,哈哈哈，看到最好笑的就是喊他们去台湾卖凤梨。,0,2021-03-04 15:34
https://weibo.cn//u/1812940484,慕洋犬主,男,广东,203,184,66,反华急先锋脸皮真厚,0,2021-03-04 15:33
https://weibo.cn//u/5520643040,LYQ484,男,河北,2080,331,514,滚,0,2021-03-04 15:32
https://weibo.cn//u/3014610605,Lee8030,男,海外,262,74,83,回复@鋒舞飄雪:Lai wa can help !,0,2021-03-04 15:30
https://weibo.cn//u/7390841634,秋情雅致y,女,福建,927,140,32,为何不让议长找台湾要呢？,0,2021-03-04 15:30
https://weibo.cn//u/3014610605,Lee8030,男,海外,262,74,83,回复@微天下:Lai wa can help,0,2021-03-04 15:28
https://weibo.cn//u/1832109601,等灯等灯0_0,男,北京,673,524,415,10万一支，人民币结算,0,2021-03-04 15:25
https://weibo.cn//u/1618333994,陈宝贝coco,女,北京,835,495,135,就让这个龟娃子自生自灭吧,0,2021-03-04 15:25
https://weibo.cn//u/2395788701,W的一缕阳光,男,河南,117,301,215,希望政府不要糊涂，千万不要给他们 要不平常闲着没事找中国麻烦，有事了过来求政府，就成了这些狗儿了们的惯例了！,0,2021-03-04 15:23
https://weibo.cn//u/5018791217,今年我属那么爱你为什么,女,广东,1087,409,50,不要脸,0,2021-03-04 15:22
https://weibo.cn//547708582,东北足球新闻,男,海外,20953,715,175255,让你美爹和湾巴子救你呗，人家日本都要脸求美爹，你也要点脸去求你爹。,0,2021-03-04 15:19
https://weibo.cn//u/1990533543,平安南阳,男,河南,31112,3080,394912,#捷克总统请求中国提供新冠病毒疫苗#,0,2021-03-04 15:18
https://weibo.cn//u/5537092799,童年的星野光,女,北京,185,269,35,回复@cneyilin:从字面我就觉得没有诚恳的意思,0,2021-03-04 15:18
https://weibo.cn//u/5543900858,Zachary-王zl,男,海外,390,396,587,回复@作为普通用户只能改一次名字:你跟他们说这些的白扯，我在布拉格留学三年了，捷克人对我和我的朋友都很友好,0,2021-03-04 15:17
https://weibo.cn//u/2260415730,Darren_D_Yang,男,北京,488,185,171,问台湾要,0,2021-03-04 15:16
https://weibo.cn//u/7430624707,贝影0910,女,江苏,127,84,3,这种人知道什么是脸吗？,0,2021-03-04 15:16
https://weibo.cn//u/7550423341,益力多多多多吃瓜吐槽专用,男,北京,28,91,1,回复@刘苏安99:你说得对,0,2021-03-04 15:16
https://weibo.cn//u/5730136170,熠冉_R,女,青海,619,148,89,回复@伊犁将军稳:哈哈哈哈哈哈哈哈哈,0,2021-03-04 15:14
https://weibo.cn//u/6117652743,小小木光刀V,男,浙江,87,125,95,滚,0,2021-03-04 15:00
https://weibo.cn//u/6351732424,是睡觉运动员哇,男,陕西,29,939,95,要尼玛,0,2021-03-04 14:59
https://weibo.cn//u/7337336275,第一题墨鱼,男,其他,2,20,2,回复@杨一凰:一个疗程治标，三个疗程去根儿！！！,0,2021-03-04 14:58
https://weibo.cn//u/6499486690,黑黑白白绿绿蓝,男,广东,2,159,3,回复@金蓝天一和:全球叫的上名字的国家，哪国老百姓不反华？,0,2021-03-04 14:57
https://weibo.cn//u/2134769535,魔法密林野生绿水灵,男,广东,60,349,3212,捷克以前不是还上过天天向上吗？,1,2021-03-04 14:56
https://weibo.cn//u/2138771275,丶残破的墙角,男,海外,243,258,72,疫苗有的是，你准备多少人民币结算？,0,2021-03-04 14:53
https://weibo.cn//urml,D-D-D-Walker,男,辽宁,18781,550,570,     举报             赞[0]         回复             03月04日 14:52 来自网页,0,2021-03-04 14:52
https://weibo.cn//wongyeepoo,枪手枪,男,河北,6837,1616,1065,给台湾省要去,0,2021-03-04 14:52
https://weibo.cn//u/2060596110,型男即为球形男,男,山东,170,242,88,我觉得有钱还是要赚的，翻倍卖,0,2021-03-04 14:49
https://weibo.cn//u/2521917935,作为普通用户只能改一次名字,男,北京,266,131,322,回复@不可描述9:所以我们生活在很统一的国家体制下，很多人就真的觉得国外也是这样，如果一个什么党干了什么事就上升到国家集体，这是我们的惯性思维。所以我们要有辩证思维了解国外的情况，不要被我们的思维禁锢才能冷静去分析问题，而不是一看有啥事就战狼出击,0,2021-03-04 14:48
https://weibo.cn//u/5481269513,karen37091,女,其他,152,265,3,凤梨可以防止新冠，去买吧,0,2021-03-04 14:48
https://weibo.cn//u/1915571513,北京康二爷,男,北京,24881,846,45509,No way!Go to Taiwan and fuxx yourself with pineapple!,0,2021-03-04 14:48
https://weibo.cn//u/5481269513,karen37091,女,其他,152,265,3,回复@刚刚:gun,0,2021-03-04 14:47
https://weibo.cn//u/2041729724,岳麓山下2011,男,湖南,3108,995,288,首先要彻底处理好他们国内的反华派再说。,0,2021-03-04 14:46
https://weibo.cn//u/2062513412,蓝色鹅卵石粼粼,女,海外,1216,813,961,给吧 他们不死国家才会倒,0,2021-03-04 14:46
https://weibo.cn//u/6181762856,看图bot,男,海外,2178,988,114,去跟蔡省长要凤梨吧,0,2021-03-04 14:45
https://weibo.cn//u/2521917935,作为普通用户只能改一次名字,男,北京,266,131,322,回复@不可描述9:就是怎么说呢，中国真的很特殊了，内外都是很集中体制，其他大部分国家有很多都是政党太分散搞什么改革发展都没戏，有时候真的觉得大一统也挺好的。,0,2021-03-04 14:45
https://weibo.cn//u/5083396937,蒋睿晖_RAY,男,浙江,9,116,1123,回复@委屈巴巴呀:两个党派的。,0,2021-03-04 14:44
https://weibo.cn//u/6213784859,Roby502,男,其他,78,393,37,回复@沉沉一定要开心鸭:国台办：你骂谁？,0,2021-03-04 14:44
https://weibo.cn//u/2521917935,作为普通用户只能改一次名字,男,北京,266,131,322,回复@Yeelh:是这样的利益第一,0,2021-03-04 14:42
https://weibo.cn//u/6429835467,liechang1,男,广东,28,130,65,回复@巨途品牌管理:聪明的做法是卖给他们，然后附加条件是加强两国经济贸易，签几个大单回来，毕竟现在疫苗是抢手货，实实在在的人情,0,2021-03-04 14:42
https://weibo.cn//ymtomorrow,BRONZE真紅,女,其他,3932,757,698,全世界都知道 向中国要东西 中国都会给的,0,2021-03-04 14:40
https://weibo.cn//u/2715456455,不失信念不要抱怨,男,辽宁,267,46,4208,有多远滚多远,1,2021-03-04 14:39
https://weibo.cn//u/2673480902,油漆干不了,男,山东,732,196,83,跪下叫爸爸,0,2021-03-04 14:39
https://weibo.cn//u/2122650714,阳光小hq,男,山东,220,447,237,让他们议长跪着来,0,2021-03-04 14:36
https://weibo.cn//sunnytututmj,我的独家记忆1983,女,福建,1668,98,468,这个国家国民很多反华的！去外网蔡英文ins下面看可以看到很多捷克人支持蔡英文的,0,2021-03-04 14:34
https://weibo.cn//outman1226,恐高的Superman,男,福建,1408,244,648,回复@又见元气满满的敏姐:一万一支，不然不卖，便宜了我们不缺那些钱,0,2021-03-04 14:34
https://weibo.cn//u/1856233681,ChangShengCB,男,吉林,2,260,321,别吃一百个豆不嫌腥,0,2021-03-04 14:33
https://weibo.cn//u/2453151124,怪神探-R,女,广东,2273,512,368,中国将疫苗列为公共卫生品……这是要给捷克的。只是多少的问题。,0,2021-03-04 14:31
https://weibo.cn//u/5197148343,蜡笔煮小新m,女,北京,27,32,65,回复@W晓晓晓乐:尴尬了，不知道菠萝别名叫凤梨，没听过，还以为是梨子,1,2021-03-04 14:30
https://weibo.cn//u/5267547729,杨一凰,女,江苏,1666,654,10184,回复@第一题墨鱼:哈哈哈哈哈佐以新鲜牛粪，一个月一疗程,1,2021-03-04 14:30
https://weibo.cn//u/3121135767,就让我溺死在寂寞中,女,其他,314,41,4,就不了,0,2021-03-04 14:29
https://weibo.cn//u/2313931194,2021西门懒得扫雪,男,福建,10852,3508,349,这次要是提供捷克疫苗的话，那么它反华就等于没有付出什么代价。,0,2021-03-04 14:27
https://weibo.cn//u/5595996997,山河水1711,男,北京,1,251,33,求尼玛个腿,0,2021-03-04 14:26
https://weibo.cn//u/5685919195,Malloy仗剑走天涯,男,其他,647,232,159,群体免疫吧！学学人家阿三哥，没恒河水多喝绿蛙凤梨水,0,2021-03-04 14:26
https://weibo.cn//u/2152143150,修罗城之瞳,女,海外,24284,526,792,Taiwan can help ！！！！！！！,2,2021-03-04 14:25
https://weibo.cn//u/5910038026,Dimpee,男,陕西,89,248,456,回复@怼怼Christ:他啥也不是,0,2021-03-04 14:25
https://weibo.cn//u/5910038026,Dimpee,男,陕西,89,248,456,回复@灰灰LWJ:没毛病,0,2021-03-04 14:24
https://weibo.cn//u/5910038026,Dimpee,男,陕西,89,248,456,不给，，没时间，，太忙了,0,2021-03-04 14:24
https://weibo.cn//cc1118,__heee_JinGyI,女,广东,9885,326,662,不要b脸,0,2021-03-04 14:24
https://weibo.cn//u/3387887404,l豆芽的畅想,女,海南,302,227,46,回复@微天下:并没有好吗！不要自欺欺人了……,0,2021-03-04 14:20
https://weibo.cn//221bkid,屁股不能决定脑袋,女,北京,1082,273,117,Taiwan just now got quite a LARGE number of LIBERAL vaccines from a pretty CLEAR &DEMOCRATIC supplying source which has nothing to do with the “evil China,0,2021-03-04 14:16
https://weibo.cn//u/1739105504,iris_l8,女,辽宁,549,110,33,不提供！,0,2021-03-04 14:15
https://weibo.cn//u/6742864545,阿皮只有一米七,男,安徽,122,98,53,把二月红请来求药都没用,0,2021-03-04 14:12
https://weibo.cn//u/3263157850,杨里见秋,男,四川,207,844,186,众所周知，台湾疫苗南波湾,0,2021-03-04 14:08
https://weibo.cn//u/5780936026,粽粽小姐姐,女,辽宁,212,191,79,还要点b脸吗,0,2021-03-04 14:07
https://weibo.cn//elfhuhu,陆狐狸的尾巴,女,福建,3166,212,1090,多吃台湾凤梨吧,0,2021-03-04 14:05
https://weibo.cn//u/6032947196,有内涵的卢先生,男,其他,9,43,87,问它们屎要不要，我可以拉新鲜的给它们,0,2021-03-04 14:05
https://weibo.cn//u/6333772926,理智的旁观者,女,福建,1047,157,29,回复@巨途品牌管理:同意是可能会同意。我兔子开什么条件就不知道了,0,2021-03-04 14:04
https://weibo.cn//u/6333772926,理智的旁观者,女,福建,1047,157,29,回复@欧气仙女1988:哈哈哈顺丰包邮,0,2021-03-04 14:03
https://weibo.cn//u/1597987053,只会轻功的年轻侠客,男,海外,950,494,264,滚。,0,2021-03-04 14:03
https://weibo.cn//u/6862472701,形势疑骗大好,男,陕西,410,322,251,点translate tweet有惊喜,0,2021-03-04 14:01
https://weibo.cn//u/5290225052,TTT小YUE,女,海外,59,736,63,不给～跟湾湾一起吃凤梨去吧,0,2021-03-04 14:01
https://weibo.cn//u/2793502902,Lucky-Aus,女,海外,1937,260,130,我们没提供吗,0,2021-03-04 14:00
https://weibo.cn//u/6062383240,邓可Ruslan,男,海外,630,485,176,我在捷克上学... 这个国家的政治制度 体制 素质 真的有很大 很大 很大的问题，你帮完他根本不会感谢你！！！ 布拉格市长还时不时发ins和台湾搞事情呢！,0,2021-03-04 13:59
https://weibo.cn//22brian,二二的晓龙,男,北京,2124,956,513,可以买，毕竟钱我们还是要赚的,0,2021-03-04 13:58
https://weibo.cn//u/7346395909,方舟舟同学0808,男,其他,181,120,66,卖可以的，一针200美金差不多吧。,0,2021-03-04 13:57
https://weibo.cn//u/5829625311,小屁孩和赖哭妹,女,广东,445,505,111,滚,0,2021-03-04 13:56
https://weibo.cn//u/6754377440,呆蛙研究所,女,其他,19,45,3,回复@热爱欧联杯:对的，如果它一方面反华，一方面还能拿到好处，所有国家纷纷效仿，影响极度恶劣！,0,2021-03-04 13:56
https://weibo.cn//u/2689567392,dddddd1213,男,北京,190,347,649,不可,0,2021-03-04 13:55
https://weibo.cn//u/6247601999,来自伊森,男,其他,142,92,59,回复@Amy2021lucky牛气冲天ing:郝建与老太太,0,2021-03-04 13:53
https://weibo.cn//u/6860059211,我是盐酸呀,女,湖北,31,59,30,回复@萌剧外外传:哈哈哈哈，笑死了，问题要从源头上解决好吗,0,2021-03-04 13:52
https://weibo.cn//juanes1896,J姑娘心平气和的说,女,海外,12782,606,1099,这是我见过最好的评论了，言简意赅，铿锵有力，体现了中文的博大精深。//,0,2021-03-04 13:51
https://weibo.cn//u/3167684442,一块渣渣酥,女,山东,191,170,184,回复@A_TaOOO:真的吗真的吗,0,2021-03-04 13:51
https://weibo.cn//u/5708848336,kong子o,男,四川,488,156,68,外交部:我们会尽最大努力，目前已安排由台湾省进行援助。,0,2021-03-04 13:51
https://weibo.cn//u/6130817233,曾年复一年,男,河南,56,46,15,回复@超凶的Jolley:这个唱白脸这个唱黑脸罢了,0,2021-03-04 13:50
https://weibo.cn//u/1677137790,david的日与夜,男,其他,2270,672,571,回复@cneyilin:已经滚到台湾了,0,2021-03-04 13:48
https://weibo.cn//u/3291817902,生活需要加点糖吖,女,广东,223,96,170,台湾凤梨，一人42斤就可以的,0,2021-03-04 13:48
https://weibo.cn//u/1677137790,david的日与夜,男,其他,2270,672,571,回复@刚刚:就是，请向呆湾要疫苗,1,2021-03-04 13:47
https://weibo.cn//gwq54216,潇121314,男,四川,609,131,96,反华无成本，请继续,0,2021-03-04 13:47
https://weibo.cn//u/1806052591,不能忽略刘珊妮,女,新疆,2978,1450,1131,虽然捷克是我喜欢的国家，但是他对中国真的不好，不给！,0,2021-03-04 13:47
https://weibo.cn//u/1751720301,她们都叫我丝瓜,女,其他,150,926,408,捷克当初反华的时候怎么没想到它也有今天啊。去找台蛙帮忙吧，台蛙can help,0,2021-03-04 13:46
https://weibo.cn//u/7520687809,林染黑粉头子,女,北京,282,34,2,回复@小逗丁儿86:我哪知道他们为啥这么转嫁。大概就是“社会主义ptsd”吧，挺莫名其妙的,0,2021-03-04 13:46
https://weibo.cn//roseinkm,自在sober,女,其他,1845,796,656,去TMD，前面种的刺跪着走也要走完,0,2021-03-04 13:46
https://weibo.cn//u/7065623935,萌剧外外传,女,其他,79,417,88,回复@我是盐酸呀:现在要解决问题，不要引燃炸弹。,0,2021-03-04 13:46
https://weibo.cn//u/5130425600,记录生活中遇到,男,江苏,7037,2366,530,回复@微天下:捷克市长反华怎么说,0,2021-03-04 13:45
https://weibo.cn//u/5713606877,薛定谔的猫zsn,男,广东,12,20,3,回复@微天下:滚,0,2021-03-04 13:44
https://weibo.cn//kjj0928,小G格蕾丝,女,上海,3034,200,338,去问🐸🐸要,0,2021-03-04 13:44
https://weibo.cn//u/7495593515,哦哦哦好吧555,男,四川,1,1,1,回复@微天下:首先让他用台湾的飞机来运，而且机身上必须要写中国两字，涂装五星红旗,0,2021-03-04 13:44
https://weibo.cn//u/5815745612,陈有才,男,陕西,277,36,290,给个锤子,0,2021-03-04 13:43
https://weibo.cn//ttttterryleung,不吃香菜的人没有灵魂呀,男,上海,19514,890,2104,找台湾去呀，台湾凤梨提取的酵素能治新冠哈哈哈     举报             赞[0]         回复             03月04日 13:43 来自网页,0,2021-03-04 13:43
https://weibo.cn//u/1776475363,孤独的拾荒者45,男,陕西,41,23,75,回复@又见元气满满的敏姐:拿钱买都得排队。现在是卖方市场，你想买，我还不愿意卖呢。,0,2021-03-04 13:43
https://weibo.cn//kongbingbing0604,请叫我苏尚儿冰小主,女,山东,1036,349,389,这会舔着脸来要疫苗了？早干嘛去了，不给。,0,2021-03-04 13:42
https://weibo.cn//u/7284077073,干饭人的大铁盆子,男,黑龙江,474,84,208,回复@问题焦点:菜菜子:菠萝滞销，帮帮我们……,0,2021-03-04 13:41
https://weibo.cn//u/7505651485,ETF期权投教,女,广东,101,37,9,     举报             赞[0]         回复             03月04日 13:41 来自网页,0,2021-03-04 13:41
https://weibo.cn//u/2165440672,都市放驴人,男,江苏,2491,825,488,你反华咱们可都记着呢！想疫苗?滚！,0,2021-03-04 13:41
https://weibo.cn//u/6080209793,启明星是我的,女,云南,32,145,156,回复@月影D狼76:哈哈哈哈哈哈哈哈哈哈哈哈哈哈哈紧跟时事,0,2021-03-04 13:41
https://weibo.cn//u/5122170845,new温柔以待,男,其他,1186,494,62,我都打不上疫苗一天是往外送呢,0,2021-03-04 13:41
https://weibo.cn//u/6889316407,拯救与逍遥66450,男,其他,38,35,7,这是求购买还是援助？购买可以商量。反正赚钱，比友好国家的贵就行。要援助？滚一边去！,0,2021-03-04 13:41
https://weibo.cn//u/5406298445,誓薆俊宇,男,福建,1608,1066,1129,给了也是白眼狼,0,2021-03-04 13:40
https://weibo.cn//u/7392889001,童话的风云,女,北京,171,91,1,滚   ,0,2021-03-04 13:40
https://weibo.cn//u/1677401981,肖某某人,男,广东,847,684,583,去和台要去啊,0,2021-03-04 13:40
https://weibo.cn//u/1665021803,海燕呐少吃点,女,宁夏,8638,709,1037,pei！,0,2021-03-04 13:40
https://weibo.cn//u/5826084021,就是傻傻傻01,男,其他,113,11,14,回复@刚刚:捷克slowly fk,0,2021-03-04 13:40
https://weibo.cn//blainebbbbbbb,前方有敌人的炮呃呃啊,男,上海,6904,406,1314,不如去买大量台湾凤梨，新闻前几天都说能治疗新冠了，这样一来还能帮助台湾果农，然后捷克外长可以举着凤梨用中文说“我爱台湾凤梨”，以此表达捷克人民对台湾人民的热爱与支持,0,2021-03-04 13:40
https://weibo.cn//u/1192367150,慕云吐海,男,广东,1125,2321,211,需要的时候就把脸凑过来了,0,2021-03-04 13:40
https://weibo.cn//u/6333772926,理智的旁观者,女,福建,1047,157,29,回复@鋒舞飄雪:tai wan feng li mai bu chu qu,0,2021-03-04 13:39
https://weibo.cn//u/2134932692,魏大亨亨longlong,男,河北,324,116,82,跪下！,1,2021-03-04 13:39
https://weibo.cn//u/5634187621,豆苗的宝妈,女,内蒙古,312,192,28,滚  (︶︹︺)哼,0,2021-03-04 13:39
https://weibo.cn//u/2822701455,一只耳快回来,女,其他,669,686,323,不卖！喂不熟的狗,0,2021-03-04 13:39
https://weibo.cn//u/6777938720,喵喵大富2018,男,重庆,450,88,206,回复@微天下:这个国家，总统管不了市长,0,2021-03-04 13:39
https://weibo.cn//u/6337337511,甘草颗粒,男,上海,918,637,130,捷克应该找台湾要疫苗吧？,0,2021-03-04 13:38
https://weibo.cn//u/1757537093,梁耀鱼,男,北京,2329,318,820,为什么一边反华，一边还要求咱办事？？正常情况下难道不是情愿病死也绝不向敌人低头？？,0,2021-03-04 13:38
https://weibo.cn//u/5592632356,麦克特洛夫斯基,男,山东,159,124,100,小捷捷，这是你丢的face吗？怎么说不要就不要了呢,1,2021-03-04 13:38
https://weibo.cn//u/7530590853,慕欣兒0615,女,北京,109,2,4,不給 不給 不給,0,2021-03-04 13:38
https://weibo.cn//u/5548294114,黛西的向往,女,安徽,90,60,99,我记得是反华的吧,0,2021-03-04 13:37
https://weibo.cn//u/6403020471,indestructible少女时代,男,海外,8,55,56,别给，反华最厉害的国家之一。捷克最好亡国灭种,0,2021-03-04 13:37
https://weibo.cn//u/6311836006,地狱之伞兵,女,北京,10,40,12,回复@奥利奥利给利奥:当年就算日本成功侵占了东三省才能抢多少土地 和毛子比简直杯水车薪 可惜挺多人都分不清主次的 有了那么多土地中国至少还能多养三亿人 毛子至少相当于让中国损失三亿人口,0,2021-03-04 13:36
https://weibo.cn//u/6225214191,风来的时候hs,男,其他,128,387,14,这次不希望中国以德报怨,0,2021-03-04 13:35
https://weibo.cn//u/1750727303,快乐的C程,女,海外,511,378,73,有多远滚多远，当时去台湾的时候多好啊，说的多好啊，你去找台湾要疫苗啊，口罩产线都能送你，听说吃凤梨可以治新冠，正好解决凤梨滞销,0,2021-03-04 13:35
https://weibo.cn//u/1602148493,lxyrainie,女,海外,1747,271,827,回复@月影D狼76:夺笋～,0,2021-03-04 13:35
https://weibo.cn//u/1440569002,落魄的康康,男,湖北,2905,218,225,正好，把台湾省每人吃18斤的凤梨任务分给他们不正好么,0,2021-03-04 13:34
https://weibo.cn//u/6311836006,地狱之伞兵,女,北京,10,40,12,回复@奥利奥利给利奥:俄罗斯占了上百万平方公里的土地 分裂了外蒙古 外蒙古现在反华是因为当时没治理 要是当年回归了早就和内蒙一样了 还有海参崴和西伯利亚的资源 和日本的仇至少都过去了没啥影响了 毛子可是实实在在侵略着那么多土地,0,2021-03-04 13:34
https://weibo.cn//u/3959757797,软糯的米团子er,女,其他,7873,161,1,去找台湾要呀！🙃,0,2021-03-04 13:34
https://weibo.cn//u/5331393618,我的猫咪不爱小鱼干,女,湖南,2558,448,116,哈？？？     举报             赞[0]         回复             03月04日 13:34 来自网页,0,2021-03-04 13:34
https://weibo.cn//jojolan,jojolan,女,广东,6066,402,532,滚吧！,0,2021-03-04 13:33
https://weibo.cn//u/1007797125,咪哆i,女,四川,535,98,531,不要赠送，想要就让他们买,0,2021-03-04 13:33
https://weibo.cn//u/5625638156,小鹿超爱哭,男,海外,276,434,54,回复@疾风起q:你怎么可以发语音！！！,0,2021-03-04 13:33
https://weibo.cn//u/2710181894,人力资源_懒散研究屋,女,其他,161,199,351,台湾凤梨汁可以治愈,0,2021-03-04 13:33
https://weibo.cn//u/6533677713,vvheat,男,北京,18,18,16,斯洛伐克可以，捷克就算了，,0,2021-03-04 13:32
https://weibo.cn//u/7270159837,进击的魔女,女,澳门,7,41,5,找台🐸,0,2021-03-04 13:32
https://weibo.cn//u/5784820879,Z十六de左半边酒窝,女,福建,3378,1229,171,给了外国人，他们也不会感激中国，他们会觉得是理所当然,0,2021-03-04 13:32
https://weibo.cn//u/6311836006,地狱之伞兵,女,北京,10,40,12,回复@亓卅1:至少仇恨得分清了 毛子＞＞日本＞＞美国 美国除了当时抗美援朝还有后来的围堵也没干多少恶事 之前还有蜜月期 毛子的不平等条约侵上百万平方公里的土地也没归还 东北出海口也没有 还有外蒙独立和当年饿死了那么多人 日本都可以放过 俄罗斯不行,0,2021-03-04 13:32
https://weibo.cn//u/7411911590,改名真的很难操,男,广东,0,116,1,50万RMB一支！款到发货,0,2021-03-04 13:32
https://weibo.cn//u/5223000825,我去背考试分析,男,山东,228,192,58,回复@大龙村的小龙人:优美的中国话,0,2021-03-04 13:32
https://weibo.cn//u/5147006179,xiaomaomimimiaomiaomiao,男,上海,914,378,123,他们政府和议会是互掐的，所以这新闻没有指标意义。,0,2021-03-04 13:31
https://weibo.cn//727510774,空人-ZERO,男,广东,6934,976,1074,捷克这个国家好熟悉，之前是不是说过我们坏话的,0,2021-03-04 13:31
https://weibo.cn//u/5598063718,FreedomDive阿琪,男,内蒙古,57,235,82,真的是从未见过如此厚颜无耻之人，我不是针对谁，西方那些个玩意儿都这样，脸比城墙拐弯还厚,0,2021-03-04 13:31
https://weibo.cn//u/3474271634,Adrianice,男,广东,19,166,46,不要给,0,2021-03-04 13:31
https://weibo.cn//tokeepingdream,鱼鱼饭饭_,男,福建,510,304,777,回复@委屈巴巴呀:科普一下，去科普一下捷克的政治生态,0,2021-03-04 13:31
https://weibo.cn//u/7311048396,种花家的一一份子,女,其他,1052,1040,75,问他要凤梨吗？,0,2021-03-04 13:31
https://weibo.cn//imtvxqfan,顾钱大橘jejeje,女,重庆,195,181,64,捷克听我一句劝，多吃台湾凤梨,0,2021-03-04 13:31
https://weibo.cn//u/2172081345,hi张轩,男,河北,123,1743,1333,不给,0,2021-03-04 13:31
https://weibo.cn//u/3175379491,土樓貝的人,男,福建,99,64,41,臭 不要脸,0,2021-03-04 13:31
https://weibo.cn//u/6570723725,金丝雀文学大师,女,其他,933,192,93,滚,0,2021-03-04 13:30
https://weibo.cn//u/2355762064,年少风雅鲜衣怒马09,男,河南,455,222,126,滚吧啊,0,2021-03-04 13:30
https://weibo.cn//u/6624786806,小径-其其格,女,山东,49,120,8,回复@cneyilin:圆润的走远点,0,2021-03-04 13:30
https://weibo.cn//u/5410450866,旧洛,女,安徽,277,70,70,呸,0,2021-03-04 13:30
https://weibo.cn//519301214,Lucky_Bluebird,女,海外,10363,995,235,那条件可得谈好了,0,2021-03-04 13:29
https://weibo.cn//u/6988987641,极地魔女菠萝,女,上海,138,554,156,回复@韩老七vv:就是让他们听得懂啊....管他翻译不翻译，对我们这个态度想要我们什么好脸色啊,0,2021-03-04 13:29
https://weibo.cn//u/1316677277,deardearSnow,女,上海,7380,873,669,请圆润的离开,0,2021-03-04 13:29
https://weibo.cn//u/2691407617,时刻提醒自己要早点睡,男,广东,6,196,57,笑死,0,2021-03-04 13:28
https://weibo.cn//u/3199410677,蓝蓝瓜,女,其他,940,71,79,拿钱买啊，把自己当乞丐之前也得掂掂分量吧,0,2021-03-04 13:28
https://weibo.cn//dujuantian,dj小田田,女,辽宁,1292,162,113,让他们议长先说明点问题,0,2021-03-04 13:28
https://weibo.cn//u/5826309943,哈库吶玛獭獭,女,重庆,1528,227,550,要点批脸,0,2021-03-04 13:28
https://weibo.cn//u/3407750534,三水过谷,男,上海,136,214,93,回复@今天养柴了咩:6w，反正島上不管了，已經在普天同慶了,0,2021-03-04 13:28
https://weibo.cn//u/3270877405,本宝宝大帅比诶,男,海外,667,599,142,回复@非正常人类研究中心黄主任:对啊，就是在你🐴批里排队，排队进你🐴的子宫，和你🐴的卵子结合呢,0,2021-03-04 13:27
https://weibo.cn//u/2238109790,韩老七vv,男,吉林,392,158,507,回复@极地魔女菠萝:他们也能翻译，听得懂,0,2021-03-04 13:27
https://weibo.cn//bloglucifer,胡闹的爸爸,男,江苏,13020,582,1062,滚！,1,2021-03-04 13:27
https://weibo.cn//u/3889943442,哪里有你哪里就有光明,女,湖北,165,536,193,不好意思，要的国家太多了，宁先靠边站站,0,2021-03-04 13:27
https://weibo.cn//u/1051919694,吃得,男,重庆,507,639,352,回复@cneyilin:我们帮这帮那，呵呵，老百姓太难了,1,2021-03-04 13:27
https://weibo.cn//u/5156454282,Readynowww_,男,北京,0,122,95,拿捷克轻机枪来换吧,0,2021-03-04 13:27
https://weibo.cn//u/2485971551,武汉博华口腔-DrWei,男,湖北,623,237,349,台湾凤梨治新冠,0,2021-03-04 13:27
https://weibo.cn//u/3787586427,bestTeri,女,江苏,2233,176,214,国内的我们都没有地方申请打疫苗啊,0,2021-03-04 13:26
https://weibo.cn//u/5056814939,Ggixox,女,宁夏,363,1309,164,要脸吗？？？,0,2021-03-04 13:26
https://weibo.cn//u/5674257238,帅得没名字可取,男,福建,41,341,137,回复@HymneLaNemesis:好像正式的建交第一个是瑞典，苏联好像是第一个承认新中国,0,2021-03-04 13:25
https://weibo.cn//u/1863166994,回头望不见,男,其他,282,88,27,不可能，不给，之前辱华,0,2021-03-04 13:25
https://weibo.cn//u/3223425993,中文式,男,广东,403,432,112,回复@影舞月光:欧美制裁俄，对亚洲国家也是有好处的，所谓西退东进，,0,2021-03-04 13:25
https://weibo.cn//u/6443580761,黄钟铄,男,其他,24,298,41,滚,0,2021-03-04 13:25
https://weibo.cn//u/1880294205,Fairy_ffff,女,其他,168,961,1593,还要求,0,2021-03-04 13:25
https://weibo.cn//u/2853244750,_好_了_,男,四川,95,40,55,中国台湾可以帮助你,0,2021-03-04 13:24
https://weibo.cn//u/6988987641,极地魔女菠萝,女,上海,138,554,156,回复@韩老七vv:我直接用中文骂哈哈哈哈,0,2021-03-04 13:24
https://weibo.cn//u/5493441698,最帅现任男友,男,广东,734,1088,248,不给,1,2021-03-04 13:24
https://weibo.cn//310648566,清滴泪,男,江苏,3885,366,161,回复@cneyilin:你真是说出了大家的生心,0,2021-03-04 13:24
https://weibo.cn//u/6061220917,隼剳勖,男,辽宁,546,1274,30,回复@Amy2021lucky牛气冲天ing:郝建与老太太,0,2021-03-04 13:24
https://weibo.cn//u/7412129779,翟在企鹅岛的Bill,女,其他,6,92,98,回复@天空擊落女孩:华人不反华，他们说的是捷克人反华,0,2021-03-04 13:24
https://weibo.cn//u/2238109790,韩老七vv,男,吉林,392,158,507,回复@极地魔女菠萝:全是无知的捷克人，我都懒得崩他们,0,2021-03-04 13:24
https://weibo.cn//u/5495546055,抽风小少年_,男,江苏,1,1485,121,tmd 烦死了,0,2021-03-04 13:23
https://weibo.cn//neutrogenae,爱德华八世930,女,广东,5806,532,739,问米国要啦，,0,2021-03-04 13:23
https://weibo.cn//u/3308046323,吁吁糊糊糊,女,海外,513,125,22,昨天晚上吃的是熊心豹子胆么，这些人脑子到底什么构造,0,2021-03-04 13:23
